<?xml version="1.0" encoding="UTF-8"?>
<OdiDeploymentArchive>
   <Name>MyPackage1-Welcome@3</Name>
   <DeploymentArchiveType>PATCH</DeploymentArchiveType>
   <SourceType>ODI</SourceType>
   <SourceInfo>Master:{dburl=jdbc:oracle:thin:@odblt08:1521/odilt01; dbuser=DEV_ODI_REPO}; Work:{name=WORKREP}</SourceInfo>
   <GlobalId>2c234ef4-a7e2-4373-b5b8-1384177088dd</GlobalId>
   <CreatedDate>2021-02-05T03:35:31.904-06:00</CreatedDate>
   <CreatedBy>SUPERVISOR</CreatedBy>
   <ObjectsToUpdate>
      <Object class="oracle.odi.domain.project.OdiPackage" globalId="4ffd6010-598e-4158-8de5-d0d7c6f9e589" name="MyPackage1" path="/Work Repository/Projects/Erick/Folder1/Packages"/>
      <Object class="oracle.odi.domain.project.OdiFolder" globalId="df7292b4-b77d-4a4d-a9ff-46bce269aea2" name="Folder1" path="/Work Repository/Projects/Erick/Folder1"/>
      <Object class="oracle.odi.domain.project.OdiProject" globalId="a72365ca-8ace-45eb-a9b7-686e71e92fb3" name="Erick" path="/Work Repository/Projects/Erick"/>
      <Object class="oracle.odi.domain.runtime.scenario.OdiScenario" globalId="7c3fa951-8c3b-4cf9-9a94-cdd28f1a541a" name="MYPACKAGE1" path="/Work Repository/Projects/Erick/Folder1/Packages/Scenarios"/>
      <Object class="oracle.odi.domain.runtime.scenario.OdiScenarioFolder" globalId="97b43d1d-cc45-4e65-9b7c-bd89a01cf63f" name="Folder30" path="/Work Repository/Load Plans and Scenarios/Folder10/Load Plans and Scenarios/Folder20/Load Plans and Scenarios/Folder30"/>
      <Object class="oracle.odi.domain.runtime.scenario.OdiScenarioFolder" globalId="ecf0bf43-20c8-4ff1-bc38-a47ff6f0e123" name="Folder20" path="/Work Repository/Load Plans and Scenarios/Folder10/Load Plans and Scenarios/Folder20"/>
      <Object class="oracle.odi.domain.runtime.scenario.OdiScenarioFolder" globalId="ca6548e7-bdf7-481a-a5bd-bd802aa19ad7" name="Folder10" path="/Work Repository/Load Plans and Scenarios/Folder10"/>
      <Object class="oracle.odi.domain.marker.OdiMarkerGroup" globalId="637e41f4-924e-40c9-a83f-61adf95d502a" name="FLEXDEPLOY" path="/Work Repository/Projects/Erick/Markers"/>
   </ObjectsToUpdate>
   <ObjectsToDelete/>
</OdiDeploymentArchive>
