<?xml version="1.0" encoding="UTF-8"?>
<OdiDeploymentArchive>
   <Name>EXEC_PatchDeploymentArchive6WithKey-TestKey@1</Name>
   <DeploymentArchiveType>PATCH</DeploymentArchiveType>
   <SourceType>ODI</SourceType>
   <SourceInfo>Master:{dburl=jdbc:oracle:thin:@odblt08:1521/odilt01; dbuser=DEV_ODI_REPO}; Work:{name=WORKREP}</SourceInfo>
   <GlobalId>bbf3558a-b46f-4905-a3b3-2fa616bad7f5</GlobalId>
   <CreatedDate>2020-12-29T04:35:24.424-06:00</CreatedDate>
   <CreatedBy>SUPERVISOR</CreatedBy>
   <ObjectsToUpdate>
      <Object class="oracle.odi.domain.runtime.scenario.OdiScenario" globalId="7c3fa951-8c3b-4cf9-9a94-cdd28f1a541a" name="MYPACKAGE1 Version 001" path="/Work Repository/Projects/Erick/Folder1/Packages/Scenarios"/>
   </ObjectsToUpdate>
   <ObjectsToDelete/>
</OdiDeploymentArchive>
