<?xml version="1.0" encoding="UTF-8"?>
<SunopsisExport>
<Admin RepositoryVersion="05.02.02.04" IsLegacyIdCompatible="false" />
<Encryption algorithm="AES" keyLength="128" exportKeyHash="JWkIs6yLEzG+JynVdD1T1a1yB2MBjXENAO+tyiv2Kxg=" keyVect="MFdi0MQku4/vUdXw/R+0qA==" exportKeySalt="7c1781a1-39b3-4a31-8489-46151b81d040" containsCipherText="false"/>
<Object class="com.sunopsis.dwg.dbobj.SnpGrpState">
		<Field name="ExtVersion" type="java.lang.String">null</Field>
	<Field name="FirstDate" type="java.sql.Timestamp"><![CDATA[2021-02-04 03:58:57.0]]></Field>
	<Field name="FirstUser" type="java.lang.String"><![CDATA[SUPERVISOR]]></Field>
	<Field name="GlobalId" type="java.lang.String"><![CDATA[7e7ef26b-ab70-4d0c-a8bd-d8e18e54758e]]></Field>
	<Field name="GrpOrderDisp" type="com.sunopsis.sql.DbInt"><![CDATA[1]]></Field>
	<Field name="GrpStateCode" type="java.lang.String"><![CDATA[PRIORITIES]]></Field>
	<Field name="GrpStateName" type="java.lang.String"><![CDATA[Priorities]]></Field>
	<Field name="IndAutoIncrement" type="java.lang.String"><![CDATA[0]]></Field>
	<Field name="IndChange" type="java.lang.String">null</Field>
	<Field name="IndInternal" type="java.lang.String"><![CDATA[0]]></Field>
	<Field name="IndMultiStates" type="java.lang.String"><![CDATA[0]]></Field>
	<Field name="IntVersion" type="com.sunopsis.sql.DbInt"><![CDATA[1]]></Field>
	<Field name="IGrpState" type="com.sunopsis.sql.DbInt"><![CDATA[31]]></Field>
	<Field name="IProject" type="com.sunopsis.sql.DbInt"><![CDATA[21]]></Field>
	<Field name="LastDate" type="java.sql.Timestamp"><![CDATA[2021-02-04 03:58:57.0]]></Field>
	<Field name="LastUser" type="java.lang.String"><![CDATA[SUPERVISOR]]></Field>
	<Field name="TreeDisplay" type="java.lang.String"><![CDATA[A]]></Field>
</Object>
<Object class="com.sunopsis.dwg.dbobj.SnpState2">
		<Field name="FirstDate" type="java.sql.Timestamp"><![CDATA[2021-02-04 03:58:57.0]]></Field>
	<Field name="FirstUser" type="java.lang.String"><![CDATA[SUPERVISOR]]></Field>
	<Field name="GlobalId" type="java.lang.String"><![CDATA[6e3c124d-b2d0-4fc6-98cc-5cf4a3d8dae8]]></Field>
	<Field name="IconRes" type="java.lang.String"><![CDATA[/markers/taskprior_1.gif]]></Field>
	<Field name="IndChange" type="java.lang.String">null</Field>
	<Field name="IntVersion" type="com.sunopsis.sql.DbInt"><![CDATA[1]]></Field>
	<Field name="InUse" type="java.lang.String"><![CDATA[1]]></Field>
	<Field name="IGrpState" type="com.sunopsis.sql.DbInt"><![CDATA[31]]></Field>
	<Field name="IState" type="com.sunopsis.sql.DbInt"><![CDATA[51]]></Field>
	<Field name="LastDate" type="java.sql.Timestamp"><![CDATA[2021-02-04 03:58:57.0]]></Field>
	<Field name="LastUser" type="java.lang.String"><![CDATA[SUPERVISOR]]></Field>
	<Field name="ShowDesc" type="java.lang.String"><![CDATA[1]]></Field>
	<Field name="StateCode" type="java.lang.String"><![CDATA[PRIORITY_1]]></Field>
	<Field name="StateDatatype" type="java.lang.String"><![CDATA[A]]></Field>
	<Field name="StateName" type="java.lang.String"><![CDATA[Priority 1]]></Field>
	<Field name="StateOrder" type="com.sunopsis.sql.DbInt"><![CDATA[0]]></Field>
</Object>
<Object class="com.sunopsis.dwg.dbobj.SnpState2">
		<Field name="FirstDate" type="java.sql.Timestamp"><![CDATA[2021-02-04 03:58:57.0]]></Field>
	<Field name="FirstUser" type="java.lang.String"><![CDATA[SUPERVISOR]]></Field>
	<Field name="GlobalId" type="java.lang.String"><![CDATA[31e0ab9a-d01a-432a-89af-8879c23a5cc7]]></Field>
	<Field name="IconRes" type="java.lang.String"><![CDATA[/markers/taskprior_2.gif]]></Field>
	<Field name="IndChange" type="java.lang.String">null</Field>
	<Field name="IntVersion" type="com.sunopsis.sql.DbInt"><![CDATA[1]]></Field>
	<Field name="InUse" type="java.lang.String"><![CDATA[1]]></Field>
	<Field name="IGrpState" type="com.sunopsis.sql.DbInt"><![CDATA[31]]></Field>
	<Field name="IState" type="com.sunopsis.sql.DbInt"><![CDATA[52]]></Field>
	<Field name="LastDate" type="java.sql.Timestamp"><![CDATA[2021-02-04 03:58:57.0]]></Field>
	<Field name="LastUser" type="java.lang.String"><![CDATA[SUPERVISOR]]></Field>
	<Field name="ShowDesc" type="java.lang.String"><![CDATA[1]]></Field>
	<Field name="StateCode" type="java.lang.String"><![CDATA[PRIORITY_2]]></Field>
	<Field name="StateDatatype" type="java.lang.String"><![CDATA[A]]></Field>
	<Field name="StateName" type="java.lang.String"><![CDATA[Priority 2]]></Field>
	<Field name="StateOrder" type="com.sunopsis.sql.DbInt"><![CDATA[1]]></Field>
</Object>
<Object class="com.sunopsis.dwg.dbobj.SnpState2">
		<Field name="FirstDate" type="java.sql.Timestamp"><![CDATA[2021-02-04 03:58:57.0]]></Field>
	<Field name="FirstUser" type="java.lang.String"><![CDATA[SUPERVISOR]]></Field>
	<Field name="GlobalId" type="java.lang.String"><![CDATA[b3a9cbb7-bb49-404e-b417-008ff5a5b432]]></Field>
	<Field name="IconRes" type="java.lang.String"><![CDATA[/markers/taskprior_3.gif]]></Field>
	<Field name="IndChange" type="java.lang.String">null</Field>
	<Field name="IntVersion" type="com.sunopsis.sql.DbInt"><![CDATA[1]]></Field>
	<Field name="InUse" type="java.lang.String"><![CDATA[1]]></Field>
	<Field name="IGrpState" type="com.sunopsis.sql.DbInt"><![CDATA[31]]></Field>
	<Field name="IState" type="com.sunopsis.sql.DbInt"><![CDATA[53]]></Field>
	<Field name="LastDate" type="java.sql.Timestamp"><![CDATA[2021-02-04 03:58:57.0]]></Field>
	<Field name="LastUser" type="java.lang.String"><![CDATA[SUPERVISOR]]></Field>
	<Field name="ShowDesc" type="java.lang.String"><![CDATA[1]]></Field>
	<Field name="StateCode" type="java.lang.String"><![CDATA[PRIORITY_3]]></Field>
	<Field name="StateDatatype" type="java.lang.String"><![CDATA[A]]></Field>
	<Field name="StateName" type="java.lang.String"><![CDATA[Priority 3]]></Field>
	<Field name="StateOrder" type="com.sunopsis.sql.DbInt"><![CDATA[2]]></Field>
</Object>
<Object class="com.sunopsis.dwg.dbobj.SnpState2">
		<Field name="FirstDate" type="java.sql.Timestamp"><![CDATA[2021-02-04 03:58:57.0]]></Field>
	<Field name="FirstUser" type="java.lang.String"><![CDATA[SUPERVISOR]]></Field>
	<Field name="GlobalId" type="java.lang.String"><![CDATA[4666f8fd-d527-43bd-b564-f52a103538c9]]></Field>
	<Field name="IconRes" type="java.lang.String"><![CDATA[/markers/taskprior_4.gif]]></Field>
	<Field name="IndChange" type="java.lang.String">null</Field>
	<Field name="IntVersion" type="com.sunopsis.sql.DbInt"><![CDATA[1]]></Field>
	<Field name="InUse" type="java.lang.String"><![CDATA[1]]></Field>
	<Field name="IGrpState" type="com.sunopsis.sql.DbInt"><![CDATA[31]]></Field>
	<Field name="IState" type="com.sunopsis.sql.DbInt"><![CDATA[54]]></Field>
	<Field name="LastDate" type="java.sql.Timestamp"><![CDATA[2021-02-04 03:58:57.0]]></Field>
	<Field name="LastUser" type="java.lang.String"><![CDATA[SUPERVISOR]]></Field>
	<Field name="ShowDesc" type="java.lang.String"><![CDATA[1]]></Field>
	<Field name="StateCode" type="java.lang.String"><![CDATA[PRIORITY_4]]></Field>
	<Field name="StateDatatype" type="java.lang.String"><![CDATA[A]]></Field>
	<Field name="StateName" type="java.lang.String"><![CDATA[Priority 4]]></Field>
	<Field name="StateOrder" type="com.sunopsis.sql.DbInt"><![CDATA[3]]></Field>
</Object>
<Object class="com.sunopsis.dwg.dbobj.SnpState2">
		<Field name="FirstDate" type="java.sql.Timestamp"><![CDATA[2021-02-04 03:58:57.0]]></Field>
	<Field name="FirstUser" type="java.lang.String"><![CDATA[SUPERVISOR]]></Field>
	<Field name="GlobalId" type="java.lang.String"><![CDATA[1949f61e-a8d9-4615-b7b9-470abe1a0173]]></Field>
	<Field name="IconRes" type="java.lang.String"><![CDATA[/markers/taskprior_5.gif]]></Field>
	<Field name="IndChange" type="java.lang.String">null</Field>
	<Field name="IntVersion" type="com.sunopsis.sql.DbInt"><![CDATA[1]]></Field>
	<Field name="InUse" type="java.lang.String"><![CDATA[1]]></Field>
	<Field name="IGrpState" type="com.sunopsis.sql.DbInt"><![CDATA[31]]></Field>
	<Field name="IState" type="com.sunopsis.sql.DbInt"><![CDATA[55]]></Field>
	<Field name="LastDate" type="java.sql.Timestamp"><![CDATA[2021-02-04 03:58:57.0]]></Field>
	<Field name="LastUser" type="java.lang.String"><![CDATA[SUPERVISOR]]></Field>
	<Field name="ShowDesc" type="java.lang.String"><![CDATA[1]]></Field>
	<Field name="StateCode" type="java.lang.String"><![CDATA[PRIORITY_5]]></Field>
	<Field name="StateDatatype" type="java.lang.String"><![CDATA[A]]></Field>
	<Field name="StateName" type="java.lang.String"><![CDATA[Priority 5]]></Field>
	<Field name="StateOrder" type="com.sunopsis.sql.DbInt"><![CDATA[4]]></Field>
</Object>
<Object class="com.sunopsis.dwg.dbobj.SnpFKXRef">
		<Field name="RefKey" type="java.lang.String"><![CDATA[SNP_PROJECT.21]]></Field>
	<Field name="RefObjGlobalId" type="java.lang.String"><![CDATA[8783f196-c6dd-43d9-aae3-868a97749a88]]></Field>
 <Field name="RefObjFQName" type="java.lang.String"><![CDATA[InitProject1]]></Field>
 <Field name="RefObjFQType" type="java.lang.String"><![CDATA[SNP_PROJECT]]></Field>
 <Field name="RefObjFQNameLengths" type="java.lang.String"><![CDATA[12]]></Field>
</Object>
<Object class="com.sunopsis.dwg.dbobj.SnpFKXRef">
		<Field name="RefKey" type="java.lang.String"><![CDATA[SNP_GRPSTATE.31]]></Field>
	<Field name="RefObjGlobalId" type="java.lang.String"><![CDATA[7e7ef26b-ab70-4d0c-a8bd-d8e18e54758e]]></Field>
 <Field name="RefObjFQName" type="java.lang.String"><![CDATA[InitProject1.Priorities]]></Field>
 <Field name="RefObjFQType" type="java.lang.String"><![CDATA[SNP_PROJECT.SNP_GRPSTATE]]></Field>
 <Field name="RefObjFQNameLengths" type="java.lang.String"><![CDATA[12.10]]></Field>
</Object>
<Object class="com.sunopsis.dwg.DwgExportSummary">
		<Field name="ExpTxtNb" type="com.sunopsis.sql.DbInt"><![CDATA[0]]></Field>
	<Field name="InstObjNb" type="com.sunopsis.sql.DbInt"><![CDATA[0]]></Field>
	<Field name="JoinColNb" type="com.sunopsis.sql.DbInt"><![CDATA[0]]></Field>
	<Field name="JoinNb" type="com.sunopsis.sql.DbInt"><![CDATA[0]]></Field>
	<Field name="KeyColNb" type="com.sunopsis.sql.DbInt"><![CDATA[0]]></Field>
	<Field name="KeyNb" type="com.sunopsis.sql.DbInt"><![CDATA[0]]></Field>
	<Field name="LinkDiagNb" type="com.sunopsis.sql.DbInt"><![CDATA[0]]></Field>
	<Field name="MorigTxtNb" type="com.sunopsis.sql.DbInt"><![CDATA[0]]></Field>
	<Field name="MtxtNb" type="com.sunopsis.sql.DbInt"><![CDATA[0]]></Field>
	<Field name="OrigTxtNb" type="com.sunopsis.sql.DbInt"><![CDATA[0]]></Field>
	<Field name="OtherObjectsNb" type="com.sunopsis.sql.DbInt"><![CDATA[6]]></Field>
	<Field name="PlanAgentNb" type="com.sunopsis.sql.DbInt"><![CDATA[0]]></Field>
	<Field name="StepNb" type="com.sunopsis.sql.DbInt"><![CDATA[0]]></Field>
	<Field name="TxtNb" type="com.sunopsis.sql.DbInt"><![CDATA[0]]></Field>
	<Field name="UeOrigNb" type="com.sunopsis.sql.DbInt"><![CDATA[0]]></Field>
	<Field name="UeUsedNb" type="com.sunopsis.sql.DbInt"><![CDATA[0]]></Field>
	<Field name="VarPlanAgentNb" type="com.sunopsis.sql.DbInt"><![CDATA[0]]></Field>
	<Field name="ScenTxtNb" type="com.sunopsis.sql.DbInt"><![CDATA[0]]></Field>
	<Field name="OdiVersion" type="java.lang.String"><![CDATA[12.2.1]]></Field>
	<Field name="OriginRepositoryID" type="com.sunopsis.sql.DbInt"><![CDATA[1]]></Field>
	<Field name="RepositoryVersion" type="java.lang.String"><![CDATA[05.02.02.04]]></Field>
</Object>
</SunopsisExport>
