<?xml version="1.0" encoding="UTF-8"?>
<SunopsisExport>
<Admin RepositoryVersion="05.02.02.04" IsLegacyIdCompatible="false" />
<Encryption algorithm="AES" keyLength="128" exportKeyHash="VMRmQtJM3qczef16Y4pWB/Ts8ilMPO+Rh15aAXUOFng=" keyVect="mWGoCTXbQVchXl94wYCzcg==" exportKeySalt="fb9d9029-864e-4975-8e68-27fb92200471" containsCipherText="false"/>
<Object class="com.sunopsis.dwg.dbobj.SnpGrpState">
		<Field name="ExtVersion" type="java.lang.String">null</Field>
	<Field name="FirstDate" type="java.sql.Timestamp"><![CDATA[2021-02-04 03:58:57.0]]></Field>
	<Field name="FirstUser" type="java.lang.String"><![CDATA[SUPERVISOR]]></Field>
	<Field name="GlobalId" type="java.lang.String"><![CDATA[3f0c9bee-7891-4c5d-9e66-1d3ec1a73bfa]]></Field>
	<Field name="GrpOrderDisp" type="com.sunopsis.sql.DbInt"><![CDATA[2]]></Field>
	<Field name="GrpStateCode" type="java.lang.String"><![CDATA[PROGRESS]]></Field>
	<Field name="GrpStateName" type="java.lang.String"><![CDATA[Progress]]></Field>
	<Field name="IndAutoIncrement" type="java.lang.String"><![CDATA[1]]></Field>
	<Field name="IndChange" type="java.lang.String">null</Field>
	<Field name="IndInternal" type="java.lang.String"><![CDATA[0]]></Field>
	<Field name="IndMultiStates" type="java.lang.String"><![CDATA[0]]></Field>
	<Field name="IntVersion" type="com.sunopsis.sql.DbInt"><![CDATA[1]]></Field>
	<Field name="IGrpState" type="com.sunopsis.sql.DbInt"><![CDATA[32]]></Field>
	<Field name="IProject" type="com.sunopsis.sql.DbInt"><![CDATA[21]]></Field>
	<Field name="LastDate" type="java.sql.Timestamp"><![CDATA[2021-02-04 03:58:57.0]]></Field>
	<Field name="LastUser" type="java.lang.String"><![CDATA[SUPERVISOR]]></Field>
	<Field name="TreeDisplay" type="java.lang.String"><![CDATA[A]]></Field>
</Object>
<Object class="com.sunopsis.dwg.dbobj.SnpState2">
		<Field name="FirstDate" type="java.sql.Timestamp"><![CDATA[2021-02-04 03:58:57.0]]></Field>
	<Field name="FirstUser" type="java.lang.String"><![CDATA[SUPERVISOR]]></Field>
	<Field name="GlobalId" type="java.lang.String"><![CDATA[1bd161b1-d634-4ae1-a8da-c60caf12e70f]]></Field>
	<Field name="IconRes" type="java.lang.String"><![CDATA[/markers/taskdone.gif]]></Field>
	<Field name="IndChange" type="java.lang.String">null</Field>
	<Field name="IntVersion" type="com.sunopsis.sql.DbInt"><![CDATA[1]]></Field>
	<Field name="InUse" type="java.lang.String"><![CDATA[1]]></Field>
	<Field name="IGrpState" type="com.sunopsis.sql.DbInt"><![CDATA[32]]></Field>
	<Field name="IState" type="com.sunopsis.sql.DbInt"><![CDATA[63]]></Field>
	<Field name="LastDate" type="java.sql.Timestamp"><![CDATA[2021-02-04 03:58:57.0]]></Field>
	<Field name="LastUser" type="java.lang.String"><![CDATA[SUPERVISOR]]></Field>
	<Field name="ShowDesc" type="java.lang.String"><![CDATA[1]]></Field>
	<Field name="StateCode" type="java.lang.String"><![CDATA[DONE]]></Field>
	<Field name="StateDatatype" type="java.lang.String"><![CDATA[A]]></Field>
	<Field name="StateName" type="java.lang.String"><![CDATA[Done]]></Field>
	<Field name="StateOrder" type="com.sunopsis.sql.DbInt"><![CDATA[80]]></Field>
</Object>
<Object class="com.sunopsis.dwg.dbobj.SnpState2">
		<Field name="FirstDate" type="java.sql.Timestamp"><![CDATA[2021-02-04 03:58:57.0]]></Field>
	<Field name="FirstUser" type="java.lang.String"><![CDATA[SUPERVISOR]]></Field>
	<Field name="GlobalId" type="java.lang.String"><![CDATA[7783bd93-5ba1-4ee3-aab1-bdcba00fe95d]]></Field>
	<Field name="IconRes" type="java.lang.String"><![CDATA[/markers/taskcomp_10.gif]]></Field>
	<Field name="IndChange" type="java.lang.String">null</Field>
	<Field name="IntVersion" type="com.sunopsis.sql.DbInt"><![CDATA[1]]></Field>
	<Field name="InUse" type="java.lang.String"><![CDATA[1]]></Field>
	<Field name="IGrpState" type="com.sunopsis.sql.DbInt"><![CDATA[32]]></Field>
	<Field name="IState" type="com.sunopsis.sql.DbInt"><![CDATA[56]]></Field>
	<Field name="LastDate" type="java.sql.Timestamp"><![CDATA[2021-02-04 03:58:57.0]]></Field>
	<Field name="LastUser" type="java.lang.String"><![CDATA[SUPERVISOR]]></Field>
	<Field name="ShowDesc" type="java.lang.String"><![CDATA[1]]></Field>
	<Field name="StateCode" type="java.lang.String"><![CDATA[PROGRESS_10__]]></Field>
	<Field name="StateDatatype" type="java.lang.String"><![CDATA[A]]></Field>
	<Field name="StateName" type="java.lang.String"><![CDATA[Progress 10 %]]></Field>
	<Field name="StateOrder" type="com.sunopsis.sql.DbInt"><![CDATA[10]]></Field>
</Object>
<Object class="com.sunopsis.dwg.dbobj.SnpState2">
		<Field name="FirstDate" type="java.sql.Timestamp"><![CDATA[2021-02-04 03:58:57.0]]></Field>
	<Field name="FirstUser" type="java.lang.String"><![CDATA[SUPERVISOR]]></Field>
	<Field name="GlobalId" type="java.lang.String"><![CDATA[43bd41c4-9aec-4db5-9d19-fb95807380c4]]></Field>
	<Field name="IconRes" type="java.lang.String"><![CDATA[/markers/taskcomp_25.gif]]></Field>
	<Field name="IndChange" type="java.lang.String">null</Field>
	<Field name="IntVersion" type="com.sunopsis.sql.DbInt"><![CDATA[1]]></Field>
	<Field name="InUse" type="java.lang.String"><![CDATA[1]]></Field>
	<Field name="IGrpState" type="com.sunopsis.sql.DbInt"><![CDATA[32]]></Field>
	<Field name="IState" type="com.sunopsis.sql.DbInt"><![CDATA[57]]></Field>
	<Field name="LastDate" type="java.sql.Timestamp"><![CDATA[2021-02-04 03:58:57.0]]></Field>
	<Field name="LastUser" type="java.lang.String"><![CDATA[SUPERVISOR]]></Field>
	<Field name="ShowDesc" type="java.lang.String"><![CDATA[1]]></Field>
	<Field name="StateCode" type="java.lang.String"><![CDATA[PROGRESS_25__]]></Field>
	<Field name="StateDatatype" type="java.lang.String"><![CDATA[A]]></Field>
	<Field name="StateName" type="java.lang.String"><![CDATA[Progress 25 %]]></Field>
	<Field name="StateOrder" type="com.sunopsis.sql.DbInt"><![CDATA[20]]></Field>
</Object>
<Object class="com.sunopsis.dwg.dbobj.SnpState2">
		<Field name="FirstDate" type="java.sql.Timestamp"><![CDATA[2021-02-04 03:58:57.0]]></Field>
	<Field name="FirstUser" type="java.lang.String"><![CDATA[SUPERVISOR]]></Field>
	<Field name="GlobalId" type="java.lang.String"><![CDATA[3033a57a-9f7a-448d-bf1c-521d6b3fac23]]></Field>
	<Field name="IconRes" type="java.lang.String"><![CDATA[/markers/taskcomp_35.gif]]></Field>
	<Field name="IndChange" type="java.lang.String">null</Field>
	<Field name="IntVersion" type="com.sunopsis.sql.DbInt"><![CDATA[1]]></Field>
	<Field name="InUse" type="java.lang.String"><![CDATA[1]]></Field>
	<Field name="IGrpState" type="com.sunopsis.sql.DbInt"><![CDATA[32]]></Field>
	<Field name="IState" type="com.sunopsis.sql.DbInt"><![CDATA[58]]></Field>
	<Field name="LastDate" type="java.sql.Timestamp"><![CDATA[2021-02-04 03:58:57.0]]></Field>
	<Field name="LastUser" type="java.lang.String"><![CDATA[SUPERVISOR]]></Field>
	<Field name="ShowDesc" type="java.lang.String"><![CDATA[1]]></Field>
	<Field name="StateCode" type="java.lang.String"><![CDATA[PROGRESS_35__]]></Field>
	<Field name="StateDatatype" type="java.lang.String"><![CDATA[A]]></Field>
	<Field name="StateName" type="java.lang.String"><![CDATA[Progress 35 %]]></Field>
	<Field name="StateOrder" type="com.sunopsis.sql.DbInt"><![CDATA[30]]></Field>
</Object>
<Object class="com.sunopsis.dwg.dbobj.SnpState2">
		<Field name="FirstDate" type="java.sql.Timestamp"><![CDATA[2021-02-04 03:58:57.0]]></Field>
	<Field name="FirstUser" type="java.lang.String"><![CDATA[SUPERVISOR]]></Field>
	<Field name="GlobalId" type="java.lang.String"><![CDATA[45b906c3-0239-47f8-bd25-f75c0ceb084f]]></Field>
	<Field name="IconRes" type="java.lang.String"><![CDATA[/markers/taskcomp_50.gif]]></Field>
	<Field name="IndChange" type="java.lang.String">null</Field>
	<Field name="IntVersion" type="com.sunopsis.sql.DbInt"><![CDATA[1]]></Field>
	<Field name="InUse" type="java.lang.String"><![CDATA[1]]></Field>
	<Field name="IGrpState" type="com.sunopsis.sql.DbInt"><![CDATA[32]]></Field>
	<Field name="IState" type="com.sunopsis.sql.DbInt"><![CDATA[59]]></Field>
	<Field name="LastDate" type="java.sql.Timestamp"><![CDATA[2021-02-04 03:58:57.0]]></Field>
	<Field name="LastUser" type="java.lang.String"><![CDATA[SUPERVISOR]]></Field>
	<Field name="ShowDesc" type="java.lang.String"><![CDATA[1]]></Field>
	<Field name="StateCode" type="java.lang.String"><![CDATA[PROGRESS_50__]]></Field>
	<Field name="StateDatatype" type="java.lang.String"><![CDATA[A]]></Field>
	<Field name="StateName" type="java.lang.String"><![CDATA[Progress 50 %]]></Field>
	<Field name="StateOrder" type="com.sunopsis.sql.DbInt"><![CDATA[40]]></Field>
</Object>
<Object class="com.sunopsis.dwg.dbobj.SnpState2">
		<Field name="FirstDate" type="java.sql.Timestamp"><![CDATA[2021-02-04 03:58:57.0]]></Field>
	<Field name="FirstUser" type="java.lang.String"><![CDATA[SUPERVISOR]]></Field>
	<Field name="GlobalId" type="java.lang.String"><![CDATA[ca07c124-752b-4314-bb7b-e3a5c6c3cba8]]></Field>
	<Field name="IconRes" type="java.lang.String"><![CDATA[/markers/taskcomp_65.gif]]></Field>
	<Field name="IndChange" type="java.lang.String">null</Field>
	<Field name="IntVersion" type="com.sunopsis.sql.DbInt"><![CDATA[1]]></Field>
	<Field name="InUse" type="java.lang.String"><![CDATA[1]]></Field>
	<Field name="IGrpState" type="com.sunopsis.sql.DbInt"><![CDATA[32]]></Field>
	<Field name="IState" type="com.sunopsis.sql.DbInt"><![CDATA[60]]></Field>
	<Field name="LastDate" type="java.sql.Timestamp"><![CDATA[2021-02-04 03:58:57.0]]></Field>
	<Field name="LastUser" type="java.lang.String"><![CDATA[SUPERVISOR]]></Field>
	<Field name="ShowDesc" type="java.lang.String"><![CDATA[1]]></Field>
	<Field name="StateCode" type="java.lang.String"><![CDATA[PROGRESS_65__]]></Field>
	<Field name="StateDatatype" type="java.lang.String"><![CDATA[A]]></Field>
	<Field name="StateName" type="java.lang.String"><![CDATA[Progress 65 %]]></Field>
	<Field name="StateOrder" type="com.sunopsis.sql.DbInt"><![CDATA[50]]></Field>
</Object>
<Object class="com.sunopsis.dwg.dbobj.SnpState2">
		<Field name="FirstDate" type="java.sql.Timestamp"><![CDATA[2021-02-04 03:58:57.0]]></Field>
	<Field name="FirstUser" type="java.lang.String"><![CDATA[SUPERVISOR]]></Field>
	<Field name="GlobalId" type="java.lang.String"><![CDATA[1ebe6f19-7bcd-403d-b9e9-22091ab593f6]]></Field>
	<Field name="IconRes" type="java.lang.String"><![CDATA[/markers/taskcomp_75.gif]]></Field>
	<Field name="IndChange" type="java.lang.String">null</Field>
	<Field name="IntVersion" type="com.sunopsis.sql.DbInt"><![CDATA[1]]></Field>
	<Field name="InUse" type="java.lang.String"><![CDATA[1]]></Field>
	<Field name="IGrpState" type="com.sunopsis.sql.DbInt"><![CDATA[32]]></Field>
	<Field name="IState" type="com.sunopsis.sql.DbInt"><![CDATA[61]]></Field>
	<Field name="LastDate" type="java.sql.Timestamp"><![CDATA[2021-02-04 03:58:57.0]]></Field>
	<Field name="LastUser" type="java.lang.String"><![CDATA[SUPERVISOR]]></Field>
	<Field name="ShowDesc" type="java.lang.String"><![CDATA[1]]></Field>
	<Field name="StateCode" type="java.lang.String"><![CDATA[PROGRESS_75__]]></Field>
	<Field name="StateDatatype" type="java.lang.String"><![CDATA[A]]></Field>
	<Field name="StateName" type="java.lang.String"><![CDATA[Progress 75 %]]></Field>
	<Field name="StateOrder" type="com.sunopsis.sql.DbInt"><![CDATA[60]]></Field>
</Object>
<Object class="com.sunopsis.dwg.dbobj.SnpState2">
		<Field name="FirstDate" type="java.sql.Timestamp"><![CDATA[2021-02-04 03:58:57.0]]></Field>
	<Field name="FirstUser" type="java.lang.String"><![CDATA[SUPERVISOR]]></Field>
	<Field name="GlobalId" type="java.lang.String"><![CDATA[9fd481a2-0dee-4c12-aa71-5a65f11bc0dd]]></Field>
	<Field name="IconRes" type="java.lang.String"><![CDATA[/markers/taskcomp_90.gif]]></Field>
	<Field name="IndChange" type="java.lang.String">null</Field>
	<Field name="IntVersion" type="com.sunopsis.sql.DbInt"><![CDATA[1]]></Field>
	<Field name="InUse" type="java.lang.String"><![CDATA[1]]></Field>
	<Field name="IGrpState" type="com.sunopsis.sql.DbInt"><![CDATA[32]]></Field>
	<Field name="IState" type="com.sunopsis.sql.DbInt"><![CDATA[62]]></Field>
	<Field name="LastDate" type="java.sql.Timestamp"><![CDATA[2021-02-04 03:58:57.0]]></Field>
	<Field name="LastUser" type="java.lang.String"><![CDATA[SUPERVISOR]]></Field>
	<Field name="ShowDesc" type="java.lang.String"><![CDATA[1]]></Field>
	<Field name="StateCode" type="java.lang.String"><![CDATA[PROGRESS_90__]]></Field>
	<Field name="StateDatatype" type="java.lang.String"><![CDATA[A]]></Field>
	<Field name="StateName" type="java.lang.String"><![CDATA[Progress 90 %]]></Field>
	<Field name="StateOrder" type="com.sunopsis.sql.DbInt"><![CDATA[70]]></Field>
</Object>
<Object class="com.sunopsis.dwg.dbobj.SnpFKXRef">
		<Field name="RefKey" type="java.lang.String"><![CDATA[SNP_PROJECT.21]]></Field>
	<Field name="RefObjGlobalId" type="java.lang.String"><![CDATA[8783f196-c6dd-43d9-aae3-868a97749a88]]></Field>
 <Field name="RefObjFQName" type="java.lang.String"><![CDATA[InitProject1]]></Field>
 <Field name="RefObjFQType" type="java.lang.String"><![CDATA[SNP_PROJECT]]></Field>
 <Field name="RefObjFQNameLengths" type="java.lang.String"><![CDATA[12]]></Field>
</Object>
<Object class="com.sunopsis.dwg.dbobj.SnpFKXRef">
		<Field name="RefKey" type="java.lang.String"><![CDATA[SNP_GRPSTATE.32]]></Field>
	<Field name="RefObjGlobalId" type="java.lang.String"><![CDATA[3f0c9bee-7891-4c5d-9e66-1d3ec1a73bfa]]></Field>
 <Field name="RefObjFQName" type="java.lang.String"><![CDATA[InitProject1.Progress]]></Field>
 <Field name="RefObjFQType" type="java.lang.String"><![CDATA[SNP_PROJECT.SNP_GRPSTATE]]></Field>
 <Field name="RefObjFQNameLengths" type="java.lang.String"><![CDATA[12.8]]></Field>
</Object>
<Object class="com.sunopsis.dwg.DwgExportSummary">
		<Field name="ExpTxtNb" type="com.sunopsis.sql.DbInt"><![CDATA[0]]></Field>
	<Field name="InstObjNb" type="com.sunopsis.sql.DbInt"><![CDATA[0]]></Field>
	<Field name="JoinColNb" type="com.sunopsis.sql.DbInt"><![CDATA[0]]></Field>
	<Field name="JoinNb" type="com.sunopsis.sql.DbInt"><![CDATA[0]]></Field>
	<Field name="KeyColNb" type="com.sunopsis.sql.DbInt"><![CDATA[0]]></Field>
	<Field name="KeyNb" type="com.sunopsis.sql.DbInt"><![CDATA[0]]></Field>
	<Field name="LinkDiagNb" type="com.sunopsis.sql.DbInt"><![CDATA[0]]></Field>
	<Field name="MorigTxtNb" type="com.sunopsis.sql.DbInt"><![CDATA[0]]></Field>
	<Field name="MtxtNb" type="com.sunopsis.sql.DbInt"><![CDATA[0]]></Field>
	<Field name="OrigTxtNb" type="com.sunopsis.sql.DbInt"><![CDATA[0]]></Field>
	<Field name="OtherObjectsNb" type="com.sunopsis.sql.DbInt"><![CDATA[9]]></Field>
	<Field name="PlanAgentNb" type="com.sunopsis.sql.DbInt"><![CDATA[0]]></Field>
	<Field name="StepNb" type="com.sunopsis.sql.DbInt"><![CDATA[0]]></Field>
	<Field name="TxtNb" type="com.sunopsis.sql.DbInt"><![CDATA[0]]></Field>
	<Field name="UeOrigNb" type="com.sunopsis.sql.DbInt"><![CDATA[0]]></Field>
	<Field name="UeUsedNb" type="com.sunopsis.sql.DbInt"><![CDATA[0]]></Field>
	<Field name="VarPlanAgentNb" type="com.sunopsis.sql.DbInt"><![CDATA[0]]></Field>
	<Field name="ScenTxtNb" type="com.sunopsis.sql.DbInt"><![CDATA[0]]></Field>
	<Field name="OdiVersion" type="java.lang.String"><![CDATA[12.2.1]]></Field>
	<Field name="OriginRepositoryID" type="com.sunopsis.sql.DbInt"><![CDATA[1]]></Field>
	<Field name="RepositoryVersion" type="java.lang.String"><![CDATA[05.02.02.04]]></Field>
</Object>
</SunopsisExport>
