<?xml version="1.0" encoding="UTF-8"?>
<SunopsisExport>
<Admin RepositoryVersion="05.02.02.04" IsLegacyIdCompatible="false" />
<Encryption algorithm="AES" keyLength="128" exportKeyHash="t72bFSgZZAgqoHWGOJCQwBtjxoJPwSF37hFtPmE5B7Y=" keyVect="T0siTikktdvkGtNE40dUWg==" exportKeySalt="a4d385a0-d6c4-44ac-92ba-118cd5216473" containsCipherText="false"/>
<Object class="com.sunopsis.dwg.dbobj.SnpGrpState">
		<Field name="ExtVersion" type="java.lang.String">null</Field>
	<Field name="FirstDate" type="java.sql.Timestamp"><![CDATA[2021-02-04 03:58:57.0]]></Field>
	<Field name="FirstUser" type="java.lang.String"><![CDATA[SUPERVISOR]]></Field>
	<Field name="GlobalId" type="java.lang.String"><![CDATA[93a5a2cd-10c1-44c1-9a4e-6df74b75c11f]]></Field>
	<Field name="GrpOrderDisp" type="com.sunopsis.sql.DbInt"><![CDATA[3]]></Field>
	<Field name="GrpStateCode" type="java.lang.String"><![CDATA[SMILEYS]]></Field>
	<Field name="GrpStateName" type="java.lang.String"><![CDATA[Smileys]]></Field>
	<Field name="IndAutoIncrement" type="java.lang.String"><![CDATA[0]]></Field>
	<Field name="IndChange" type="java.lang.String">null</Field>
	<Field name="IndInternal" type="java.lang.String"><![CDATA[0]]></Field>
	<Field name="IndMultiStates" type="java.lang.String"><![CDATA[0]]></Field>
	<Field name="IntVersion" type="com.sunopsis.sql.DbInt"><![CDATA[1]]></Field>
	<Field name="IGrpState" type="com.sunopsis.sql.DbInt"><![CDATA[33]]></Field>
	<Field name="IProject" type="com.sunopsis.sql.DbInt"><![CDATA[21]]></Field>
	<Field name="LastDate" type="java.sql.Timestamp"><![CDATA[2021-02-04 03:58:57.0]]></Field>
	<Field name="LastUser" type="java.lang.String"><![CDATA[SUPERVISOR]]></Field>
	<Field name="TreeDisplay" type="java.lang.String"><![CDATA[B]]></Field>
</Object>
<Object class="com.sunopsis.dwg.dbobj.SnpState2">
		<Field name="FirstDate" type="java.sql.Timestamp"><![CDATA[2021-02-04 03:58:57.0]]></Field>
	<Field name="FirstUser" type="java.lang.String"><![CDATA[SUPERVISOR]]></Field>
	<Field name="GlobalId" type="java.lang.String"><![CDATA[89696d19-a691-444d-a9d8-c433bab03fc3]]></Field>
	<Field name="IconRes" type="java.lang.String"><![CDATA[/markers/smiley_1.gif]]></Field>
	<Field name="IndChange" type="java.lang.String">null</Field>
	<Field name="IntVersion" type="com.sunopsis.sql.DbInt"><![CDATA[1]]></Field>
	<Field name="InUse" type="java.lang.String"><![CDATA[1]]></Field>
	<Field name="IGrpState" type="com.sunopsis.sql.DbInt"><![CDATA[33]]></Field>
	<Field name="IState" type="com.sunopsis.sql.DbInt"><![CDATA[64]]></Field>
	<Field name="LastDate" type="java.sql.Timestamp"><![CDATA[2021-02-04 03:58:57.0]]></Field>
	<Field name="LastUser" type="java.lang.String"><![CDATA[SUPERVISOR]]></Field>
	<Field name="ShowDesc" type="java.lang.String"><![CDATA[1]]></Field>
	<Field name="StateCode" type="java.lang.String"><![CDATA[SMILEY_1]]></Field>
	<Field name="StateDatatype" type="java.lang.String"><![CDATA[A]]></Field>
	<Field name="StateName" type="java.lang.String"><![CDATA[Smiley 1]]></Field>
	<Field name="StateOrder" type="com.sunopsis.sql.DbInt"><![CDATA[0]]></Field>
</Object>
<Object class="com.sunopsis.dwg.dbobj.SnpState2">
		<Field name="FirstDate" type="java.sql.Timestamp"><![CDATA[2021-02-04 03:58:57.0]]></Field>
	<Field name="FirstUser" type="java.lang.String"><![CDATA[SUPERVISOR]]></Field>
	<Field name="GlobalId" type="java.lang.String"><![CDATA[4b8f5880-ae30-4dd2-9def-ecefa2a64bad]]></Field>
	<Field name="IconRes" type="java.lang.String"><![CDATA[/markers/smiley_2.gif]]></Field>
	<Field name="IndChange" type="java.lang.String">null</Field>
	<Field name="IntVersion" type="com.sunopsis.sql.DbInt"><![CDATA[1]]></Field>
	<Field name="InUse" type="java.lang.String"><![CDATA[1]]></Field>
	<Field name="IGrpState" type="com.sunopsis.sql.DbInt"><![CDATA[33]]></Field>
	<Field name="IState" type="com.sunopsis.sql.DbInt"><![CDATA[65]]></Field>
	<Field name="LastDate" type="java.sql.Timestamp"><![CDATA[2021-02-04 03:58:57.0]]></Field>
	<Field name="LastUser" type="java.lang.String"><![CDATA[SUPERVISOR]]></Field>
	<Field name="ShowDesc" type="java.lang.String"><![CDATA[1]]></Field>
	<Field name="StateCode" type="java.lang.String"><![CDATA[SMILEY_2]]></Field>
	<Field name="StateDatatype" type="java.lang.String"><![CDATA[A]]></Field>
	<Field name="StateName" type="java.lang.String"><![CDATA[Smiley 2]]></Field>
	<Field name="StateOrder" type="com.sunopsis.sql.DbInt"><![CDATA[1]]></Field>
</Object>
<Object class="com.sunopsis.dwg.dbobj.SnpState2">
		<Field name="FirstDate" type="java.sql.Timestamp"><![CDATA[2021-02-04 03:58:57.0]]></Field>
	<Field name="FirstUser" type="java.lang.String"><![CDATA[SUPERVISOR]]></Field>
	<Field name="GlobalId" type="java.lang.String"><![CDATA[8bbe6f53-27d1-48ce-8fb0-45151d2cd2d9]]></Field>
	<Field name="IconRes" type="java.lang.String"><![CDATA[/markers/smiley_3.gif]]></Field>
	<Field name="IndChange" type="java.lang.String">null</Field>
	<Field name="IntVersion" type="com.sunopsis.sql.DbInt"><![CDATA[1]]></Field>
	<Field name="InUse" type="java.lang.String"><![CDATA[1]]></Field>
	<Field name="IGrpState" type="com.sunopsis.sql.DbInt"><![CDATA[33]]></Field>
	<Field name="IState" type="com.sunopsis.sql.DbInt"><![CDATA[66]]></Field>
	<Field name="LastDate" type="java.sql.Timestamp"><![CDATA[2021-02-04 03:58:57.0]]></Field>
	<Field name="LastUser" type="java.lang.String"><![CDATA[SUPERVISOR]]></Field>
	<Field name="ShowDesc" type="java.lang.String"><![CDATA[1]]></Field>
	<Field name="StateCode" type="java.lang.String"><![CDATA[SMILEY_3]]></Field>
	<Field name="StateDatatype" type="java.lang.String"><![CDATA[A]]></Field>
	<Field name="StateName" type="java.lang.String"><![CDATA[Smiley 3]]></Field>
	<Field name="StateOrder" type="com.sunopsis.sql.DbInt"><![CDATA[2]]></Field>
</Object>
<Object class="com.sunopsis.dwg.dbobj.SnpState2">
		<Field name="FirstDate" type="java.sql.Timestamp"><![CDATA[2021-02-04 03:58:57.0]]></Field>
	<Field name="FirstUser" type="java.lang.String"><![CDATA[SUPERVISOR]]></Field>
	<Field name="GlobalId" type="java.lang.String"><![CDATA[2a801e21-10c7-4bf5-a82b-8dd2df4c90ff]]></Field>
	<Field name="IconRes" type="java.lang.String"><![CDATA[/markers/smiley_4.gif]]></Field>
	<Field name="IndChange" type="java.lang.String">null</Field>
	<Field name="IntVersion" type="com.sunopsis.sql.DbInt"><![CDATA[1]]></Field>
	<Field name="InUse" type="java.lang.String"><![CDATA[1]]></Field>
	<Field name="IGrpState" type="com.sunopsis.sql.DbInt"><![CDATA[33]]></Field>
	<Field name="IState" type="com.sunopsis.sql.DbInt"><![CDATA[67]]></Field>
	<Field name="LastDate" type="java.sql.Timestamp"><![CDATA[2021-02-04 03:58:57.0]]></Field>
	<Field name="LastUser" type="java.lang.String"><![CDATA[SUPERVISOR]]></Field>
	<Field name="ShowDesc" type="java.lang.String"><![CDATA[1]]></Field>
	<Field name="StateCode" type="java.lang.String"><![CDATA[SMILEY_4]]></Field>
	<Field name="StateDatatype" type="java.lang.String"><![CDATA[A]]></Field>
	<Field name="StateName" type="java.lang.String"><![CDATA[Smiley 4]]></Field>
	<Field name="StateOrder" type="com.sunopsis.sql.DbInt"><![CDATA[3]]></Field>
</Object>
<Object class="com.sunopsis.dwg.dbobj.SnpState2">
		<Field name="FirstDate" type="java.sql.Timestamp"><![CDATA[2021-02-04 03:58:57.0]]></Field>
	<Field name="FirstUser" type="java.lang.String"><![CDATA[SUPERVISOR]]></Field>
	<Field name="GlobalId" type="java.lang.String"><![CDATA[88639fa8-de7e-42a2-b9c4-ba2101562ebc]]></Field>
	<Field name="IconRes" type="java.lang.String"><![CDATA[/markers/smiley_5.gif]]></Field>
	<Field name="IndChange" type="java.lang.String">null</Field>
	<Field name="IntVersion" type="com.sunopsis.sql.DbInt"><![CDATA[1]]></Field>
	<Field name="InUse" type="java.lang.String"><![CDATA[1]]></Field>
	<Field name="IGrpState" type="com.sunopsis.sql.DbInt"><![CDATA[33]]></Field>
	<Field name="IState" type="com.sunopsis.sql.DbInt"><![CDATA[68]]></Field>
	<Field name="LastDate" type="java.sql.Timestamp"><![CDATA[2021-02-04 03:58:57.0]]></Field>
	<Field name="LastUser" type="java.lang.String"><![CDATA[SUPERVISOR]]></Field>
	<Field name="ShowDesc" type="java.lang.String"><![CDATA[1]]></Field>
	<Field name="StateCode" type="java.lang.String"><![CDATA[SMILEY_5]]></Field>
	<Field name="StateDatatype" type="java.lang.String"><![CDATA[A]]></Field>
	<Field name="StateName" type="java.lang.String"><![CDATA[Smiley 5]]></Field>
	<Field name="StateOrder" type="com.sunopsis.sql.DbInt"><![CDATA[4]]></Field>
</Object>
<Object class="com.sunopsis.dwg.dbobj.SnpFKXRef">
		<Field name="RefKey" type="java.lang.String"><![CDATA[SNP_PROJECT.21]]></Field>
	<Field name="RefObjGlobalId" type="java.lang.String"><![CDATA[8783f196-c6dd-43d9-aae3-868a97749a88]]></Field>
 <Field name="RefObjFQName" type="java.lang.String"><![CDATA[InitProject1]]></Field>
 <Field name="RefObjFQType" type="java.lang.String"><![CDATA[SNP_PROJECT]]></Field>
 <Field name="RefObjFQNameLengths" type="java.lang.String"><![CDATA[12]]></Field>
</Object>
<Object class="com.sunopsis.dwg.dbobj.SnpFKXRef">
		<Field name="RefKey" type="java.lang.String"><![CDATA[SNP_GRPSTATE.33]]></Field>
	<Field name="RefObjGlobalId" type="java.lang.String"><![CDATA[93a5a2cd-10c1-44c1-9a4e-6df74b75c11f]]></Field>
 <Field name="RefObjFQName" type="java.lang.String"><![CDATA[InitProject1.Smileys]]></Field>
 <Field name="RefObjFQType" type="java.lang.String"><![CDATA[SNP_PROJECT.SNP_GRPSTATE]]></Field>
 <Field name="RefObjFQNameLengths" type="java.lang.String"><![CDATA[12.7]]></Field>
</Object>
<Object class="com.sunopsis.dwg.DwgExportSummary">
		<Field name="ExpTxtNb" type="com.sunopsis.sql.DbInt"><![CDATA[0]]></Field>
	<Field name="InstObjNb" type="com.sunopsis.sql.DbInt"><![CDATA[0]]></Field>
	<Field name="JoinColNb" type="com.sunopsis.sql.DbInt"><![CDATA[0]]></Field>
	<Field name="JoinNb" type="com.sunopsis.sql.DbInt"><![CDATA[0]]></Field>
	<Field name="KeyColNb" type="com.sunopsis.sql.DbInt"><![CDATA[0]]></Field>
	<Field name="KeyNb" type="com.sunopsis.sql.DbInt"><![CDATA[0]]></Field>
	<Field name="LinkDiagNb" type="com.sunopsis.sql.DbInt"><![CDATA[0]]></Field>
	<Field name="MorigTxtNb" type="com.sunopsis.sql.DbInt"><![CDATA[0]]></Field>
	<Field name="MtxtNb" type="com.sunopsis.sql.DbInt"><![CDATA[0]]></Field>
	<Field name="OrigTxtNb" type="com.sunopsis.sql.DbInt"><![CDATA[0]]></Field>
	<Field name="OtherObjectsNb" type="com.sunopsis.sql.DbInt"><![CDATA[6]]></Field>
	<Field name="PlanAgentNb" type="com.sunopsis.sql.DbInt"><![CDATA[0]]></Field>
	<Field name="StepNb" type="com.sunopsis.sql.DbInt"><![CDATA[0]]></Field>
	<Field name="TxtNb" type="com.sunopsis.sql.DbInt"><![CDATA[0]]></Field>
	<Field name="UeOrigNb" type="com.sunopsis.sql.DbInt"><![CDATA[0]]></Field>
	<Field name="UeUsedNb" type="com.sunopsis.sql.DbInt"><![CDATA[0]]></Field>
	<Field name="VarPlanAgentNb" type="com.sunopsis.sql.DbInt"><![CDATA[0]]></Field>
	<Field name="ScenTxtNb" type="com.sunopsis.sql.DbInt"><![CDATA[0]]></Field>
	<Field name="OdiVersion" type="java.lang.String"><![CDATA[12.2.1]]></Field>
	<Field name="OriginRepositoryID" type="com.sunopsis.sql.DbInt"><![CDATA[1]]></Field>
	<Field name="RepositoryVersion" type="java.lang.String"><![CDATA[05.02.02.04]]></Field>
</Object>
</SunopsisExport>
