<?xml version="1.0" encoding="UTF-8"?>
<OdiDeploymentArchive>
   <Name>EXEC_PatchWIthExportKey</Name>
   <DeploymentArchiveType>PATCH</DeploymentArchiveType>
   <SourceType>ODI</SourceType>
   <SourceInfo>Master:{dburl=jdbc:oracle:thin:@odblt08:1521/odilt01; dbuser=DEV_ODI_REPO}; Work:{name=WORKREP}</SourceInfo>
   <GlobalId>52f1428e-2b09-425b-b539-e5b58def6d01</GlobalId>
   <CreatedDate>2021-02-03T05:57:56.617-06:00</CreatedDate>
   <CreatedBy>SUPERVISOR</CreatedBy>
   <ObjectsToUpdate>
      <Object class="oracle.odi.domain.security.OdiPrincipal" globalId="c34e89cf-9195-3bf5-b0c9-e744c3cf4fa5" name="SUPERVISOR" path="/Master Repository/Users"/>
      <Object class="oracle.odi.domain.security.OdiPrincipal" globalId="6e18bd13-f7e3-4474-a962-09ba86b8b7a4" name="SUPERVISOR_ROLE" path="/Master Repository/Users"/>
      <Object class="oracle.odi.domain.security.OdiProfile" globalId="ebf1e21b-76d0-3e6e-8d72-a83c03e333ca" name="OPERATOR" path="/Master Repository/Profiles"/>
      <Object class="oracle.odi.domain.security.OdiProfile" globalId="8802e35e-22d6-3c84-8072-e28493ebb9dd" name="NG DESIGNER" path="/Master Repository/Profiles"/>
      <Object class="oracle.odi.domain.security.OdiProfile" globalId="5c23a897-9f81-33a0-8e0f-931c72653ef4" name="TOPOLOGY ADMIN" path="/Master Repository/Profiles"/>
      <Object class="oracle.odi.domain.security.OdiProfile" globalId="022c5ecd-c0f6-30b0-b6dd-0e17bcbb95cb" name="CONNECT" path="/Master Repository/Profiles"/>
      <Object class="oracle.odi.domain.security.OdiProfile" globalId="3e0bafe1-4843-4b48-890c-b8413134716e" name="RELEASE MANAGER" path="/Master Repository/Profiles"/>
      <Object class="oracle.odi.domain.security.OdiProfile" globalId="1018ccae-c592-324f-b591-52d197fc886b" name="NG VERSION ADMIN" path="/Master Repository/Profiles"/>
      <Object class="oracle.odi.domain.security.OdiProfile" globalId="9d6eb15e-61d7-48fe-8aa9-e37a209ddba3" name="VCS VERSION ADMIN" path="/Master Repository/Profiles"/>
      <Object class="oracle.odi.domain.security.OdiProfile" globalId="83e312b5-a24c-35e9-b245-b44da9de6bea" name="CONSOLE" path="/Master Repository/Profiles"/>
      <Object class="oracle.odi.domain.security.OdiProfile" globalId="2f09fdfd-ad46-33a2-adaf-72afd0e4af83" name="SECURITY ADMIN" path="/Master Repository/Profiles"/>
      <Object class="oracle.odi.domain.security.OdiProfile" globalId="4b04c57f-5e11-3fe1-a35d-6b67d95169f4" name="NG METADATA ADMIN" path="/Master Repository/Profiles"/>
      <Object class="oracle.odi.domain.security.OdiProfile" globalId="b5823bb7-85a8-3bba-a8c7-1fcf090f51af" name="METADATA ADMIN" path="/Master Repository/Profiles"/>
      <Object class="oracle.odi.domain.security.OdiProfile" globalId="7364ac1b-7524-30fb-86a0-4ccccc957e81" name="VERSION ADMIN" path="/Master Repository/Profiles"/>
      <Object class="oracle.odi.domain.security.OdiProfile" globalId="9917a574-1cf3-3fcd-8637-a30387a06447" name="DESIGNER" path="/Master Repository/Profiles"/>
      <Object class="oracle.odi.domain.security.OdiProfile" globalId="6474a877-b44c-3449-ba01-af6f80d5a6bc" name="NG CONSOLE" path="/Master Repository/Profiles"/>
      <Object class="oracle.odi.domain.runtime.scenario.OdiScenario" globalId="e6cd591a-41e8-41f8-a7aa-c695845e5755" name="MYPACKAGE2 Version 001" path="/Work Repository/Projects/Erick/Folder1/Packages/Scenarios"/>
      <Object class="oracle.odi.domain.runtime.scenario.OdiScenario" globalId="a76f0448-e5aa-4c1e-9048-d74850e11aaf" name="NEW_MAPPING Version 001" path="/Work Repository/Projects/Erick/Folder1/Mappings/Scenarios"/>
   </ObjectsToUpdate>
   <ObjectsToDelete/>
</OdiDeploymentArchive>
