<?xml version="1.0" encoding="UTF-8"?>
<OdiDeploymentArchive>
   <Name>PatchNewMapping</Name>
   <DeploymentArchiveType>PATCH</DeploymentArchiveType>
   <SourceType>ODI</SourceType>
   <SourceInfo>Master:{dburl=jdbc:oracle:thin:@odblt08:1521/odilt01; dbuser=DEV_ODI_REPO}; Work:{name=WORKREP}</SourceInfo>
   <GlobalId>c44ab632-7d18-48ad-a8ed-bdddc6f4f212</GlobalId>
   <CreatedDate>2021-02-03T06:43:41.097-06:00</CreatedDate>
   <CreatedBy>SUPERVISOR</CreatedBy>
   <ObjectsToUpdate>
      <Object class="oracle.odi.domain.mapping.Mapping" globalId="72e8b2ca-9082-43f5-adad-a08762a638fd" name="New_Mapping" path="/Work Repository/Projects/Erick/Folder_2/Mappings"/>
      <Object class="oracle.odi.domain.project.OdiFolder" globalId="af7c170c-fd3f-46bf-b102-cbb3fe7e74f7" name="Folder 2" path="/Work Repository/Projects/Erick/Folder_2"/>
      <Object class="oracle.odi.domain.project.OdiProject" globalId="a72365ca-8ace-45eb-a9b7-686e71e92fb3" name="Erick" path="/Work Repository/Projects/Erick"/>
   </ObjectsToUpdate>
   <ObjectsToDelete/>
</OdiDeploymentArchive>
