<?xml version="1.0" encoding="UTF-8"?>
<SunopsisExport>
<Admin RepositoryVersion="05.02.02.04" IsLegacyIdCompatible="false" />
<Encryption algorithm="AES" keyLength="128" exportKeyHash="9O7lTTL4uFC+eja9AmhiUf38dGKsrgkev4DgAaDmZQM=" keyVect="0iEJVaBDBY/bHBv0o00RGA==" exportKeySalt="ef45be25-9741-4e17-8cd3-e3d088d08980" containsCipherText="false"/>
<Object class="com.sunopsis.dwg.dbobj.SnpAction">
		<Field name="ActionName" type="java.lang.String"><![CDATA[Modify Column Attributes]]></Field>
	<Field name="ActionType" type="com.sunopsis.sql.DbInt"><![CDATA[8]]></Field>
	<Field name="FirstDate" type="java.sql.Timestamp"><![CDATA[2016-10-28 12:43:40.0]]></Field>
	<Field name="FirstUser" type="java.lang.String"><![CDATA[SUNOPSIS_INSTALL]]></Field>
	<Field name="GlobalId" type="java.lang.String"><![CDATA[60bd3ea3-613f-3988-add4-466f1fea01a5]]></Field>
	<Field name="IAction" type="com.sunopsis.sql.DbInt"><![CDATA[30]]></Field>
	<Field name="IGrpAction" type="com.sunopsis.sql.DbInt"><![CDATA[8]]></Field>
	<Field name="ITxtDesc" type="com.sunopsis.sql.DbInt"><![CDATA[null]]></Field>
	<Field name="LastDate" type="java.sql.Timestamp"><![CDATA[2016-10-28 12:43:40.0]]></Field>
	<Field name="LastUser" type="java.lang.String"><![CDATA[SUNOPSIS_INSTALL]]></Field>
</Object>
<Object class="com.sunopsis.dwg.dbobj.SnpLineAction">
		<Field name="ConnectId" type="java.lang.String">null</Field>
	<Field name="FirstDate" type="java.sql.Timestamp"><![CDATA[2016-10-28 12:43:40.0]]></Field>
	<Field name="FirstUser" type="java.lang.String"><![CDATA[SUNOPSIS_INSTALL]]></Field>
	<Field name="GlobalId" type="java.lang.String"><![CDATA[c5fcc253-205f-31bc-9eb6-145c2273e28d]]></Field>
	<Field name="IgnoreError" type="java.lang.String"><![CDATA[0]]></Field>
	<Field name="IndCommit" type="java.lang.String"><![CDATA[0]]></Field>
	<Field name="IndLogMethod" type="java.lang.String">null</Field>
	<Field name="IndLogNb" type="java.lang.String"><![CDATA[3]]></Field>
	<Field name="IsolLevel" type="java.lang.String">null</Field>
	<Field name="IAction" type="com.sunopsis.sql.DbInt"><![CDATA[30]]></Field>
	<Field name="ITxtAction" type="com.sunopsis.sql.DbInt"><![CDATA[164]]></Field>
	<Field name="LastDate" type="java.sql.Timestamp"><![CDATA[2016-10-28 12:43:40.0]]></Field>
	<Field name="LastUser" type="java.lang.String"><![CDATA[SUNOPSIS_INSTALL]]></Field>
	<Field name="LineActionName" type="java.lang.String"><![CDATA[Modify Column Datatype]]></Field>
	<Field name="OrdAction" type="com.sunopsis.sql.DbInt"><![CDATA[10]]></Field>
</Object>
<Object class="com.sunopsis.dwg.dbobj.SnpMtxt">
		<Field name="Enc" type="java.lang.String">null</Field>
	<Field name="EncKey" type="java.lang.String">null</Field>
	<Field name="EncKeyVect" type="java.lang.String">null</Field>
	<Field name="FullTxt" type="java.lang.String"><![CDATA[<% /* Handle any data type change */
 if ( odiRef.isColAttrChanged("DATATYPE") || odiRef.isColAttrChanged("LENGTH") || odiRef.isColAttrChanged("PRECISION") )
{%>    
alter table <%= odiRef.getTable("L", "TARG_NAME", "A") %>   alter column <%= odiRef.getColumn("[COL_NAME] type [DEST_CRE_DT]","NEW") %> 
<%} else {%>
-- No data type change required
<%};%>]]></Field>
	<Field name="GlobalId" type="java.lang.String"><![CDATA[6864cd0c-3e2c-3c2f-8a23-6d41dd6620ba]]></Field>
	<Field name="ITxt" type="com.sunopsis.sql.DbInt"><![CDATA[164]]></Field>
	<Field name="ITxtOrig" type="com.sunopsis.sql.DbInt"><![CDATA[2]]></Field>
	<Field name="Txt" type="java.lang.String"><![CDATA[<% /* Handle any data type change */
 if ( odiRef.isColAttrChanged("DATATYPE") || odiRef.isColAttrChanged("LENGTH") || odiRef.isColAttrChanged("PRECISION") )
{%>    
alter table <%= odiRef.getTable("L", "TARG_NAME", "A") %>   alter column <%= odiRef.getColumn("[COL_NAME] type [DEST_CRE_DT]","NEW") %> 
<%} else {%>
-- No data type change required
<%};%>]]></Field>
</Object>
<Object class="com.sunopsis.dwg.dbobj.SnpLineAction">
		<Field name="ConnectId" type="java.lang.String">null</Field>
	<Field name="FirstDate" type="java.sql.Timestamp"><![CDATA[2016-10-28 12:43:40.0]]></Field>
	<Field name="FirstUser" type="java.lang.String"><![CDATA[SUNOPSIS_INSTALL]]></Field>
	<Field name="GlobalId" type="java.lang.String"><![CDATA[bf061df0-7018-31f0-9525-2fd08ab9c2a2]]></Field>
	<Field name="IgnoreError" type="java.lang.String"><![CDATA[0]]></Field>
	<Field name="IndCommit" type="java.lang.String"><![CDATA[0]]></Field>
	<Field name="IndLogMethod" type="java.lang.String">null</Field>
	<Field name="IndLogNb" type="java.lang.String"><![CDATA[3]]></Field>
	<Field name="IsolLevel" type="java.lang.String">null</Field>
	<Field name="IAction" type="com.sunopsis.sql.DbInt"><![CDATA[30]]></Field>
	<Field name="ITxtAction" type="com.sunopsis.sql.DbInt"><![CDATA[165]]></Field>
	<Field name="LastDate" type="java.sql.Timestamp"><![CDATA[2016-10-28 12:43:40.0]]></Field>
	<Field name="LastUser" type="java.lang.String"><![CDATA[SUNOPSIS_INSTALL]]></Field>
	<Field name="LineActionName" type="java.lang.String"><![CDATA[Modify Column Default]]></Field>
	<Field name="OrdAction" type="com.sunopsis.sql.DbInt"><![CDATA[20]]></Field>
</Object>
<Object class="com.sunopsis.dwg.dbobj.SnpMtxt">
		<Field name="Enc" type="java.lang.String">null</Field>
	<Field name="EncKey" type="java.lang.String">null</Field>
	<Field name="EncKeyVect" type="java.lang.String">null</Field>
	<Field name="FullTxt" type="java.lang.String"><![CDATA[<% /* Handle any change of default value */ 
if ( odiRef.isColAttrChanged("DEFAULT") )
{ if ( odiRef.getColumn("DEF_VALUE", "NEW").equals("") ) {%>    
alter table <%= odiRef.getTable("L", "TARG_NAME", "A") %>   alter column <%= odiRef.getColumn("[COL_NAME] drop default","NEW") %> 
<%} else {%>
alter table <%= odiRef.getTable("L", "TARG_NAME", "A") %>   alter column <%= odiRef.getColumn("[COL_NAME] set [DEFAULT_CLAUSE]","NEW") %> 
<%}; }  else {%>
-- No column default change required
<%};%>]]></Field>
	<Field name="GlobalId" type="java.lang.String"><![CDATA[006b3f64-693e-3e79-b1af-42003feeb83a]]></Field>
	<Field name="ITxt" type="com.sunopsis.sql.DbInt"><![CDATA[165]]></Field>
	<Field name="ITxtOrig" type="com.sunopsis.sql.DbInt"><![CDATA[2]]></Field>
	<Field name="Txt" type="java.lang.String"><![CDATA[<% /* Handle any change of default value */ 
if ( odiRef.isColAttrChanged("DEFAULT") )
{ if ( odiRef.getColumn("DEF_VALUE", "NEW").equals("") ) {%>    
alter table <%= odiRef.getTable("L", "TARG_NAME", "A") %>   alter column <%= odiRef.getColumn("[COL_NAME] drop default","NEW") %> 
<%} else {%>
alter table <%= odiRef.getTable("L", "TARG_NAME", "A") %>   alter column <%= odiRef.getColumn("[COL_NAME] set [DEFAULT_CLAUSE]","NEW") %> 
<%}; }  else {%>
-- No column default change required
<%};%>]]></Field>
</Object>
<Object class="com.sunopsis.dwg.dbobj.SnpLineAction">
		<Field name="ConnectId" type="java.lang.String">null</Field>
	<Field name="FirstDate" type="java.sql.Timestamp"><![CDATA[2016-10-28 12:43:40.0]]></Field>
	<Field name="FirstUser" type="java.lang.String"><![CDATA[SUNOPSIS_INSTALL]]></Field>
	<Field name="GlobalId" type="java.lang.String"><![CDATA[11a84e35-1b93-3d9c-82c9-0054c31c7f0f]]></Field>
	<Field name="IgnoreError" type="java.lang.String"><![CDATA[0]]></Field>
	<Field name="IndCommit" type="java.lang.String"><![CDATA[0]]></Field>
	<Field name="IndLogMethod" type="java.lang.String">null</Field>
	<Field name="IndLogNb" type="java.lang.String"><![CDATA[3]]></Field>
	<Field name="IsolLevel" type="java.lang.String">null</Field>
	<Field name="IAction" type="com.sunopsis.sql.DbInt"><![CDATA[30]]></Field>
	<Field name="ITxtAction" type="com.sunopsis.sql.DbInt"><![CDATA[166]]></Field>
	<Field name="LastDate" type="java.sql.Timestamp"><![CDATA[2016-10-28 12:43:40.0]]></Field>
	<Field name="LastUser" type="java.lang.String"><![CDATA[SUNOPSIS_INSTALL]]></Field>
	<Field name="LineActionName" type="java.lang.String"><![CDATA[Modify Column Nullable]]></Field>
	<Field name="OrdAction" type="com.sunopsis.sql.DbInt"><![CDATA[30]]></Field>
</Object>
<Object class="com.sunopsis.dwg.dbobj.SnpMtxt">
		<Field name="Enc" type="java.lang.String">null</Field>
	<Field name="EncKey" type="java.lang.String">null</Field>
	<Field name="EncKeyVect" type="java.lang.String">null</Field>
	<Field name="FullTxt" type="java.lang.String"><![CDATA[<% /* Handle any change of NULLable attribute */ 
if ( odiRef.isColAttrChanged("NULL_TO_NOTNULL") )
{%>    
alter table <%= odiRef.getTable("L", "TARG_NAME", "A") %>   alter column <%= odiRef.getColumn("[COL_NAME] set [MANDATORY_CLAUSE]","NEW") %> 
<%} else  
      /* Handle any change of NULLable attribute */ if ( odiRef.isColAttrChanged("NOTNULL_TO_NULL") )
{%>    
alter table <%= odiRef.getTable("L", "TARG_NAME", "A") %>   alter column <%= odiRef.getColumn("[COL_NAME] drop not null","NEW") %> 
<%} else {%>
-- No change in NULLable attribute required
<%}%>]]></Field>
	<Field name="GlobalId" type="java.lang.String"><![CDATA[2afd522e-df7b-31fd-9815-e8f1861d5237]]></Field>
	<Field name="ITxt" type="com.sunopsis.sql.DbInt"><![CDATA[166]]></Field>
	<Field name="ITxtOrig" type="com.sunopsis.sql.DbInt"><![CDATA[2]]></Field>
	<Field name="Txt" type="java.lang.String"><![CDATA[<% /* Handle any change of NULLable attribute */ 
if ( odiRef.isColAttrChanged("NULL_TO_NOTNULL") )
{%>    
alter table <%= odiRef.getTable("L", "TARG_NAME", "A") %>   alter column <%= odiRef.getColumn("[COL_NAME] set [MANDATORY_CLAUSE]","NEW") %> 
<%} else  
      /* Handle any change of NULLable attribute */ if ( odiRef.isColAttrChanged("NOTNULL_TO_NULL") )
{%>    
alter table <%= odiRef.getTable("L", "TARG_NAME", "A") %>   alter column <%= odiRef.getColumn("[COL_NAME] drop not null","NEW") %> 
<%} else {%>
-- No change in NULLable attribute required
<%}%>]]></Field>
</Object>
<Object class="com.sunopsis.dwg.dbobj.SnpFKXRef">
		<Field name="RefKey" type="java.lang.String"><![CDATA[SNP_GRPACTION.8]]></Field>
	<Field name="RefObjGlobalId" type="java.lang.String"><![CDATA[5a79eb2e-0e7b-3f6a-bfe6-d171e8713fc7]]></Field>
 <Field name="RefObjFQName" type="java.lang.String"><![CDATA[PostgreSQL.Postgres Default]]></Field>
 <Field name="RefObjFQType" type="java.lang.String"><![CDATA[SNP_TECHNO.SNP_GRPACTION]]></Field>
 <Field name="RefObjFQNameLengths" type="java.lang.String"><![CDATA[10.16]]></Field>
</Object>
<Object class="com.sunopsis.dwg.dbobj.SnpFKXRef">
		<Field name="RefKey" type="java.lang.String"><![CDATA[SNP_ACTION.30]]></Field>
	<Field name="RefObjGlobalId" type="java.lang.String"><![CDATA[60bd3ea3-613f-3988-add4-466f1fea01a5]]></Field>
 <Field name="RefObjFQName" type="java.lang.String"><![CDATA[PostgreSQL.Postgres Default.Modify Column Attributes]]></Field>
 <Field name="RefObjFQType" type="java.lang.String"><![CDATA[SNP_TECHNO.SNP_GRPACTION.SNP_ACTION]]></Field>
 <Field name="RefObjFQNameLengths" type="java.lang.String"><![CDATA[10.16.24]]></Field>
</Object>
<Object class="com.sunopsis.dwg.dbobj.SnpFKXRef">
		<Field name="RefKey" type="java.lang.String"><![CDATA[SNP_MTXT.164]]></Field>
	<Field name="RefObjGlobalId" type="java.lang.String"><![CDATA[6864cd0c-3e2c-3c2f-8a23-6d41dd6620ba]]></Field>
 <Field name="RefObjFQName" type="java.lang.String">null</Field>
 <Field name="RefObjFQType" type="java.lang.String">null</Field>
 <Field name="RefObjFQNameLengths" type="java.lang.String">null</Field>
</Object>
<Object class="com.sunopsis.dwg.dbobj.SnpFKXRef">
		<Field name="RefKey" type="java.lang.String"><![CDATA[SNP_MTXT.165]]></Field>
	<Field name="RefObjGlobalId" type="java.lang.String"><![CDATA[006b3f64-693e-3e79-b1af-42003feeb83a]]></Field>
 <Field name="RefObjFQName" type="java.lang.String">null</Field>
 <Field name="RefObjFQType" type="java.lang.String">null</Field>
 <Field name="RefObjFQNameLengths" type="java.lang.String">null</Field>
</Object>
<Object class="com.sunopsis.dwg.dbobj.SnpFKXRef">
		<Field name="RefKey" type="java.lang.String"><![CDATA[SNP_MTXT.166]]></Field>
	<Field name="RefObjGlobalId" type="java.lang.String"><![CDATA[2afd522e-df7b-31fd-9815-e8f1861d5237]]></Field>
 <Field name="RefObjFQName" type="java.lang.String">null</Field>
 <Field name="RefObjFQType" type="java.lang.String">null</Field>
 <Field name="RefObjFQNameLengths" type="java.lang.String">null</Field>
</Object>
<Object class="com.sunopsis.dwg.DwgExportSummary">
		<Field name="ExpTxtNb" type="com.sunopsis.sql.DbInt"><![CDATA[0]]></Field>
	<Field name="InstObjNb" type="com.sunopsis.sql.DbInt"><![CDATA[0]]></Field>
	<Field name="JoinColNb" type="com.sunopsis.sql.DbInt"><![CDATA[0]]></Field>
	<Field name="JoinNb" type="com.sunopsis.sql.DbInt"><![CDATA[0]]></Field>
	<Field name="KeyColNb" type="com.sunopsis.sql.DbInt"><![CDATA[0]]></Field>
	<Field name="KeyNb" type="com.sunopsis.sql.DbInt"><![CDATA[0]]></Field>
	<Field name="LinkDiagNb" type="com.sunopsis.sql.DbInt"><![CDATA[0]]></Field>
	<Field name="MorigTxtNb" type="com.sunopsis.sql.DbInt"><![CDATA[0]]></Field>
	<Field name="MtxtNb" type="com.sunopsis.sql.DbInt"><![CDATA[3]]></Field>
	<Field name="OrigTxtNb" type="com.sunopsis.sql.DbInt"><![CDATA[0]]></Field>
	<Field name="OtherObjectsNb" type="com.sunopsis.sql.DbInt"><![CDATA[4]]></Field>
	<Field name="PlanAgentNb" type="com.sunopsis.sql.DbInt"><![CDATA[0]]></Field>
	<Field name="StepNb" type="com.sunopsis.sql.DbInt"><![CDATA[0]]></Field>
	<Field name="TxtNb" type="com.sunopsis.sql.DbInt"><![CDATA[0]]></Field>
	<Field name="UeOrigNb" type="com.sunopsis.sql.DbInt"><![CDATA[0]]></Field>
	<Field name="UeUsedNb" type="com.sunopsis.sql.DbInt"><![CDATA[0]]></Field>
	<Field name="VarPlanAgentNb" type="com.sunopsis.sql.DbInt"><![CDATA[0]]></Field>
	<Field name="ScenTxtNb" type="com.sunopsis.sql.DbInt"><![CDATA[0]]></Field>
	<Field name="OdiVersion" type="java.lang.String"><![CDATA[12.2.1]]></Field>
	<Field name="OriginRepositoryID" type="com.sunopsis.sql.DbInt"><![CDATA[0]]></Field>
	<Field name="RepositoryVersion" type="java.lang.String"><![CDATA[05.02.02.04]]></Field>
</Object>
</SunopsisExport>
