<?xml version="1.0" encoding="UTF-8"?>
<SunopsisExport>
<Admin RepositoryVersion="05.02.02.04" IsLegacyIdCompatible="false" />
<Encryption algorithm="AES" keyLength="128" exportKeyHash="79/apehwShUneREmnHdPuFxb0Uo6V6yldB9BANeL0A4=" keyVect="YN10F6TMDwp02VTxm4wFVw==" exportKeySalt="2e416cb5-f627-4b53-8767-ddc5e205cde2" containsCipherText="false"/>
<Object class="com.sunopsis.dwg.dbobj.SnpProfile">
		<Field name="ExtVersion" type="java.lang.String">null</Field>
	<Field name="FirstDate" type="java.sql.Timestamp"><![CDATA[2016-10-28 12:43:10.0]]></Field>
	<Field name="FirstUser" type="java.lang.String"><![CDATA[SUNOPSIS_INSTALL]]></Field>
	<Field name="GlobalId" type="java.lang.String"><![CDATA[6474a877-b44c-3449-ba01-af6f80d5a6bc]]></Field>
	<Field name="IndChange" type="java.lang.String"><![CDATA[I]]></Field>
	<Field name="IProf" type="com.sunopsis.sql.DbInt"><![CDATA[16]]></Field>
	<Field name="LastDate" type="java.sql.Timestamp"><![CDATA[2016-10-28 12:43:10.0]]></Field>
	<Field name="LastUser" type="java.lang.String"><![CDATA[SUNOPSIS_INSTALL]]></Field>
	<Field name="ProfName" type="java.lang.String"><![CDATA[NG CONSOLE]]></Field>
</Object>
<Object class="com.sunopsis.dwg.dbobj.SnpProfMeth">
		<Field name="FirstDate" type="java.sql.Timestamp"><![CDATA[2016-10-28 12:43:10.0]]></Field>
	<Field name="FirstUser" type="java.lang.String"><![CDATA[SUNOPSIS_INSTALL]]></Field>
	<Field name="GenericPriv" type="java.lang.String"><![CDATA[0]]></Field>
	<Field name="GlobalId" type="java.lang.String"><![CDATA[ef89408d-3fb8-3e4a-9643-6274326386b8]]></Field>
	<Field name="IMeth" type="com.sunopsis.sql.DbInt"><![CDATA[51300]]></Field>
	<Field name="IProf" type="com.sunopsis.sql.DbInt"><![CDATA[16]]></Field>
	<Field name="LastDate" type="java.sql.Timestamp"><![CDATA[2016-10-28 12:43:10.0]]></Field>
	<Field name="LastUser" type="java.lang.String"><![CDATA[SUNOPSIS_INSTALL]]></Field>
</Object>
<Object class="com.sunopsis.dwg.dbobj.SnpProfMeth">
		<Field name="FirstDate" type="java.sql.Timestamp"><![CDATA[2016-10-28 12:43:10.0]]></Field>
	<Field name="FirstUser" type="java.lang.String"><![CDATA[SUNOPSIS_INSTALL]]></Field>
	<Field name="GenericPriv" type="java.lang.String"><![CDATA[0]]></Field>
	<Field name="GlobalId" type="java.lang.String"><![CDATA[797228c7-023e-309b-a153-b70249fcbcae]]></Field>
	<Field name="IMeth" type="com.sunopsis.sql.DbInt"><![CDATA[200]]></Field>
	<Field name="IProf" type="com.sunopsis.sql.DbInt"><![CDATA[16]]></Field>
	<Field name="LastDate" type="java.sql.Timestamp"><![CDATA[2016-10-28 12:43:10.0]]></Field>
	<Field name="LastUser" type="java.lang.String"><![CDATA[SUNOPSIS_INSTALL]]></Field>
</Object>
<Object class="com.sunopsis.dwg.dbobj.SnpProfMeth">
		<Field name="FirstDate" type="java.sql.Timestamp"><![CDATA[2016-10-28 12:43:10.0]]></Field>
	<Field name="FirstUser" type="java.lang.String"><![CDATA[SUNOPSIS_INSTALL]]></Field>
	<Field name="GenericPriv" type="java.lang.String"><![CDATA[0]]></Field>
	<Field name="GlobalId" type="java.lang.String"><![CDATA[5ed9a4d0-3331-383f-a841-191adc947760]]></Field>
	<Field name="IMeth" type="com.sunopsis.sql.DbInt"><![CDATA[1200]]></Field>
	<Field name="IProf" type="com.sunopsis.sql.DbInt"><![CDATA[16]]></Field>
	<Field name="LastDate" type="java.sql.Timestamp"><![CDATA[2016-10-28 12:43:10.0]]></Field>
	<Field name="LastUser" type="java.lang.String"><![CDATA[SUNOPSIS_INSTALL]]></Field>
</Object>
<Object class="com.sunopsis.dwg.dbobj.SnpProfMeth">
		<Field name="FirstDate" type="java.sql.Timestamp"><![CDATA[2016-10-28 12:43:10.0]]></Field>
	<Field name="FirstUser" type="java.lang.String"><![CDATA[SUNOPSIS_INSTALL]]></Field>
	<Field name="GenericPriv" type="java.lang.String"><![CDATA[0]]></Field>
	<Field name="GlobalId" type="java.lang.String"><![CDATA[ad61a7f0-eceb-3b82-b351-2e98214869e8]]></Field>
	<Field name="IMeth" type="com.sunopsis.sql.DbInt"><![CDATA[1500]]></Field>
	<Field name="IProf" type="com.sunopsis.sql.DbInt"><![CDATA[16]]></Field>
	<Field name="LastDate" type="java.sql.Timestamp"><![CDATA[2016-10-28 12:43:10.0]]></Field>
	<Field name="LastUser" type="java.lang.String"><![CDATA[SUNOPSIS_INSTALL]]></Field>
</Object>
<Object class="com.sunopsis.dwg.dbobj.SnpProfMeth">
		<Field name="FirstDate" type="java.sql.Timestamp"><![CDATA[2016-10-28 12:43:10.0]]></Field>
	<Field name="FirstUser" type="java.lang.String"><![CDATA[SUNOPSIS_INSTALL]]></Field>
	<Field name="GenericPriv" type="java.lang.String"><![CDATA[0]]></Field>
	<Field name="GlobalId" type="java.lang.String"><![CDATA[149cd1b2-3087-3e3a-bd2b-51e8a09cb44a]]></Field>
	<Field name="IMeth" type="com.sunopsis.sql.DbInt"><![CDATA[2400]]></Field>
	<Field name="IProf" type="com.sunopsis.sql.DbInt"><![CDATA[16]]></Field>
	<Field name="LastDate" type="java.sql.Timestamp"><![CDATA[2016-10-28 12:43:10.0]]></Field>
	<Field name="LastUser" type="java.lang.String"><![CDATA[SUNOPSIS_INSTALL]]></Field>
</Object>
<Object class="com.sunopsis.dwg.dbobj.SnpProfMeth">
		<Field name="FirstDate" type="java.sql.Timestamp"><![CDATA[2016-10-28 12:43:10.0]]></Field>
	<Field name="FirstUser" type="java.lang.String"><![CDATA[SUNOPSIS_INSTALL]]></Field>
	<Field name="GenericPriv" type="java.lang.String"><![CDATA[0]]></Field>
	<Field name="GlobalId" type="java.lang.String"><![CDATA[a2cdd82d-99c4-37aa-8383-9628746a4cea]]></Field>
	<Field name="IMeth" type="com.sunopsis.sql.DbInt"><![CDATA[7700]]></Field>
	<Field name="IProf" type="com.sunopsis.sql.DbInt"><![CDATA[16]]></Field>
	<Field name="LastDate" type="java.sql.Timestamp"><![CDATA[2016-10-28 12:43:10.0]]></Field>
	<Field name="LastUser" type="java.lang.String"><![CDATA[SUNOPSIS_INSTALL]]></Field>
</Object>
<Object class="com.sunopsis.dwg.dbobj.SnpProfMeth">
		<Field name="FirstDate" type="java.sql.Timestamp"><![CDATA[2016-10-28 12:43:10.0]]></Field>
	<Field name="FirstUser" type="java.lang.String"><![CDATA[SUNOPSIS_INSTALL]]></Field>
	<Field name="GenericPriv" type="java.lang.String"><![CDATA[0]]></Field>
	<Field name="GlobalId" type="java.lang.String"><![CDATA[c53a081e-f1b9-3685-8267-8c5b861e19cb]]></Field>
	<Field name="IMeth" type="com.sunopsis.sql.DbInt"><![CDATA[17000]]></Field>
	<Field name="IProf" type="com.sunopsis.sql.DbInt"><![CDATA[16]]></Field>
	<Field name="LastDate" type="java.sql.Timestamp"><![CDATA[2016-10-28 12:43:10.0]]></Field>
	<Field name="LastUser" type="java.lang.String"><![CDATA[SUNOPSIS_INSTALL]]></Field>
</Object>
<Object class="com.sunopsis.dwg.dbobj.SnpProfMeth">
		<Field name="FirstDate" type="java.sql.Timestamp"><![CDATA[2016-10-28 12:43:10.0]]></Field>
	<Field name="FirstUser" type="java.lang.String"><![CDATA[SUNOPSIS_INSTALL]]></Field>
	<Field name="GenericPriv" type="java.lang.String"><![CDATA[0]]></Field>
	<Field name="GlobalId" type="java.lang.String"><![CDATA[2c19097d-766b-3f10-bbf1-df7be3333420]]></Field>
	<Field name="IMeth" type="com.sunopsis.sql.DbInt"><![CDATA[17200]]></Field>
	<Field name="IProf" type="com.sunopsis.sql.DbInt"><![CDATA[16]]></Field>
	<Field name="LastDate" type="java.sql.Timestamp"><![CDATA[2016-10-28 12:43:10.0]]></Field>
	<Field name="LastUser" type="java.lang.String"><![CDATA[SUNOPSIS_INSTALL]]></Field>
</Object>
<Object class="com.sunopsis.dwg.dbobj.SnpProfMeth">
		<Field name="FirstDate" type="java.sql.Timestamp"><![CDATA[2016-10-28 12:43:10.0]]></Field>
	<Field name="FirstUser" type="java.lang.String"><![CDATA[SUNOPSIS_INSTALL]]></Field>
	<Field name="GenericPriv" type="java.lang.String"><![CDATA[0]]></Field>
	<Field name="GlobalId" type="java.lang.String"><![CDATA[6e18a287-08fc-3a49-8a2d-ff10f18bb27e]]></Field>
	<Field name="IMeth" type="com.sunopsis.sql.DbInt"><![CDATA[17400]]></Field>
	<Field name="IProf" type="com.sunopsis.sql.DbInt"><![CDATA[16]]></Field>
	<Field name="LastDate" type="java.sql.Timestamp"><![CDATA[2016-10-28 12:43:10.0]]></Field>
	<Field name="LastUser" type="java.lang.String"><![CDATA[SUNOPSIS_INSTALL]]></Field>
</Object>
<Object class="com.sunopsis.dwg.dbobj.SnpProfMeth">
		<Field name="FirstDate" type="java.sql.Timestamp"><![CDATA[2016-10-28 12:43:10.0]]></Field>
	<Field name="FirstUser" type="java.lang.String"><![CDATA[SUNOPSIS_INSTALL]]></Field>
	<Field name="GenericPriv" type="java.lang.String"><![CDATA[0]]></Field>
	<Field name="GlobalId" type="java.lang.String"><![CDATA[1c0dcc9a-42e2-3ced-8bca-6120c675ce24]]></Field>
	<Field name="IMeth" type="com.sunopsis.sql.DbInt"><![CDATA[18100]]></Field>
	<Field name="IProf" type="com.sunopsis.sql.DbInt"><![CDATA[16]]></Field>
	<Field name="LastDate" type="java.sql.Timestamp"><![CDATA[2016-10-28 12:43:10.0]]></Field>
	<Field name="LastUser" type="java.lang.String"><![CDATA[SUNOPSIS_INSTALL]]></Field>
</Object>
<Object class="com.sunopsis.dwg.dbobj.SnpProfMeth">
		<Field name="FirstDate" type="java.sql.Timestamp"><![CDATA[2016-10-28 12:43:10.0]]></Field>
	<Field name="FirstUser" type="java.lang.String"><![CDATA[SUNOPSIS_INSTALL]]></Field>
	<Field name="GenericPriv" type="java.lang.String"><![CDATA[0]]></Field>
	<Field name="GlobalId" type="java.lang.String"><![CDATA[660eb4b5-defe-3abd-9a1b-82ac0c3f6630]]></Field>
	<Field name="IMeth" type="com.sunopsis.sql.DbInt"><![CDATA[22700]]></Field>
	<Field name="IProf" type="com.sunopsis.sql.DbInt"><![CDATA[16]]></Field>
	<Field name="LastDate" type="java.sql.Timestamp"><![CDATA[2016-10-28 12:43:10.0]]></Field>
	<Field name="LastUser" type="java.lang.String"><![CDATA[SUNOPSIS_INSTALL]]></Field>
</Object>
<Object class="com.sunopsis.dwg.dbobj.SnpProfMeth">
		<Field name="FirstDate" type="java.sql.Timestamp"><![CDATA[2016-10-28 12:43:10.0]]></Field>
	<Field name="FirstUser" type="java.lang.String"><![CDATA[SUNOPSIS_INSTALL]]></Field>
	<Field name="GenericPriv" type="java.lang.String"><![CDATA[0]]></Field>
	<Field name="GlobalId" type="java.lang.String"><![CDATA[b5e4d438-7069-3836-a4e5-f79f0d050426]]></Field>
	<Field name="IMeth" type="com.sunopsis.sql.DbInt"><![CDATA[23100]]></Field>
	<Field name="IProf" type="com.sunopsis.sql.DbInt"><![CDATA[16]]></Field>
	<Field name="LastDate" type="java.sql.Timestamp"><![CDATA[2016-10-28 12:43:10.0]]></Field>
	<Field name="LastUser" type="java.lang.String"><![CDATA[SUNOPSIS_INSTALL]]></Field>
</Object>
<Object class="com.sunopsis.dwg.dbobj.SnpProfMeth">
		<Field name="FirstDate" type="java.sql.Timestamp"><![CDATA[2016-10-28 12:43:10.0]]></Field>
	<Field name="FirstUser" type="java.lang.String"><![CDATA[SUNOPSIS_INSTALL]]></Field>
	<Field name="GenericPriv" type="java.lang.String"><![CDATA[0]]></Field>
	<Field name="GlobalId" type="java.lang.String"><![CDATA[8e3171db-7840-3a00-a5db-07353ab9d778]]></Field>
	<Field name="IMeth" type="com.sunopsis.sql.DbInt"><![CDATA[30500]]></Field>
	<Field name="IProf" type="com.sunopsis.sql.DbInt"><![CDATA[16]]></Field>
	<Field name="LastDate" type="java.sql.Timestamp"><![CDATA[2016-10-28 12:43:10.0]]></Field>
	<Field name="LastUser" type="java.lang.String"><![CDATA[SUNOPSIS_INSTALL]]></Field>
</Object>
<Object class="com.sunopsis.dwg.dbobj.SnpProfMeth">
		<Field name="FirstDate" type="java.sql.Timestamp"><![CDATA[2016-10-28 12:43:10.0]]></Field>
	<Field name="FirstUser" type="java.lang.String"><![CDATA[SUNOPSIS_INSTALL]]></Field>
	<Field name="GenericPriv" type="java.lang.String"><![CDATA[0]]></Field>
	<Field name="GlobalId" type="java.lang.String"><![CDATA[d4d40ca4-b7c5-3d13-aef7-3ae9a8673d1d]]></Field>
	<Field name="IMeth" type="com.sunopsis.sql.DbInt"><![CDATA[31000]]></Field>
	<Field name="IProf" type="com.sunopsis.sql.DbInt"><![CDATA[16]]></Field>
	<Field name="LastDate" type="java.sql.Timestamp"><![CDATA[2016-10-28 12:43:10.0]]></Field>
	<Field name="LastUser" type="java.lang.String"><![CDATA[SUNOPSIS_INSTALL]]></Field>
</Object>
<Object class="com.sunopsis.dwg.dbobj.SnpProfMeth">
		<Field name="FirstDate" type="java.sql.Timestamp"><![CDATA[2016-10-28 12:43:10.0]]></Field>
	<Field name="FirstUser" type="java.lang.String"><![CDATA[SUNOPSIS_INSTALL]]></Field>
	<Field name="GenericPriv" type="java.lang.String"><![CDATA[0]]></Field>
	<Field name="GlobalId" type="java.lang.String"><![CDATA[c2395799-6bba-3280-90f8-872da974fef2]]></Field>
	<Field name="IMeth" type="com.sunopsis.sql.DbInt"><![CDATA[32700]]></Field>
	<Field name="IProf" type="com.sunopsis.sql.DbInt"><![CDATA[16]]></Field>
	<Field name="LastDate" type="java.sql.Timestamp"><![CDATA[2016-10-28 12:43:10.0]]></Field>
	<Field name="LastUser" type="java.lang.String"><![CDATA[SUNOPSIS_INSTALL]]></Field>
</Object>
<Object class="com.sunopsis.dwg.dbobj.SnpProfMeth">
		<Field name="FirstDate" type="java.sql.Timestamp"><![CDATA[2016-10-28 12:43:10.0]]></Field>
	<Field name="FirstUser" type="java.lang.String"><![CDATA[SUNOPSIS_INSTALL]]></Field>
	<Field name="GenericPriv" type="java.lang.String"><![CDATA[0]]></Field>
	<Field name="GlobalId" type="java.lang.String"><![CDATA[68ad93c8-6777-3d18-b266-910a5cbbe14f]]></Field>
	<Field name="IMeth" type="com.sunopsis.sql.DbInt"><![CDATA[40200]]></Field>
	<Field name="IProf" type="com.sunopsis.sql.DbInt"><![CDATA[16]]></Field>
	<Field name="LastDate" type="java.sql.Timestamp"><![CDATA[2016-10-28 12:43:10.0]]></Field>
	<Field name="LastUser" type="java.lang.String"><![CDATA[SUNOPSIS_INSTALL]]></Field>
</Object>
<Object class="com.sunopsis.dwg.dbobj.SnpProfMeth">
		<Field name="FirstDate" type="java.sql.Timestamp"><![CDATA[2016-10-28 12:43:10.0]]></Field>
	<Field name="FirstUser" type="java.lang.String"><![CDATA[SUNOPSIS_INSTALL]]></Field>
	<Field name="GenericPriv" type="java.lang.String"><![CDATA[0]]></Field>
	<Field name="GlobalId" type="java.lang.String"><![CDATA[450102aa-f004-3218-bcd1-f3d9cd2fb986]]></Field>
	<Field name="IMeth" type="com.sunopsis.sql.DbInt"><![CDATA[3000]]></Field>
	<Field name="IProf" type="com.sunopsis.sql.DbInt"><![CDATA[16]]></Field>
	<Field name="LastDate" type="java.sql.Timestamp"><![CDATA[2016-10-28 12:43:10.0]]></Field>
	<Field name="LastUser" type="java.lang.String"><![CDATA[SUNOPSIS_INSTALL]]></Field>
</Object>
<Object class="com.sunopsis.dwg.dbobj.SnpProfMeth">
		<Field name="FirstDate" type="java.sql.Timestamp"><![CDATA[2016-10-28 12:43:10.0]]></Field>
	<Field name="FirstUser" type="java.lang.String"><![CDATA[SUNOPSIS_INSTALL]]></Field>
	<Field name="GenericPriv" type="java.lang.String"><![CDATA[0]]></Field>
	<Field name="GlobalId" type="java.lang.String"><![CDATA[ea2e3a83-da5e-3a69-9d2f-f056571171e9]]></Field>
	<Field name="IMeth" type="com.sunopsis.sql.DbInt"><![CDATA[3500]]></Field>
	<Field name="IProf" type="com.sunopsis.sql.DbInt"><![CDATA[16]]></Field>
	<Field name="LastDate" type="java.sql.Timestamp"><![CDATA[2016-10-28 12:43:10.0]]></Field>
	<Field name="LastUser" type="java.lang.String"><![CDATA[SUNOPSIS_INSTALL]]></Field>
</Object>
<Object class="com.sunopsis.dwg.dbobj.SnpProfMeth">
		<Field name="FirstDate" type="java.sql.Timestamp"><![CDATA[2016-10-28 12:43:10.0]]></Field>
	<Field name="FirstUser" type="java.lang.String"><![CDATA[SUNOPSIS_INSTALL]]></Field>
	<Field name="GenericPriv" type="java.lang.String"><![CDATA[0]]></Field>
	<Field name="GlobalId" type="java.lang.String"><![CDATA[16fbd823-640d-3821-b0b3-c73d0b26ff9d]]></Field>
	<Field name="IMeth" type="com.sunopsis.sql.DbInt"><![CDATA[22000]]></Field>
	<Field name="IProf" type="com.sunopsis.sql.DbInt"><![CDATA[16]]></Field>
	<Field name="LastDate" type="java.sql.Timestamp"><![CDATA[2016-10-28 12:43:10.0]]></Field>
	<Field name="LastUser" type="java.lang.String"><![CDATA[SUNOPSIS_INSTALL]]></Field>
</Object>
<Object class="com.sunopsis.dwg.dbobj.SnpProfMeth">
		<Field name="FirstDate" type="java.sql.Timestamp"><![CDATA[2016-10-28 12:43:10.0]]></Field>
	<Field name="FirstUser" type="java.lang.String"><![CDATA[SUNOPSIS_INSTALL]]></Field>
	<Field name="GenericPriv" type="java.lang.String"><![CDATA[0]]></Field>
	<Field name="GlobalId" type="java.lang.String"><![CDATA[05fae3b5-dd85-32d3-a159-df51512594d8]]></Field>
	<Field name="IMeth" type="com.sunopsis.sql.DbInt"><![CDATA[22100]]></Field>
	<Field name="IProf" type="com.sunopsis.sql.DbInt"><![CDATA[16]]></Field>
	<Field name="LastDate" type="java.sql.Timestamp"><![CDATA[2016-10-28 12:43:10.0]]></Field>
	<Field name="LastUser" type="java.lang.String"><![CDATA[SUNOPSIS_INSTALL]]></Field>
</Object>
<Object class="com.sunopsis.dwg.dbobj.SnpProfMeth">
		<Field name="FirstDate" type="java.sql.Timestamp"><![CDATA[2016-10-28 12:43:10.0]]></Field>
	<Field name="FirstUser" type="java.lang.String"><![CDATA[SUNOPSIS_INSTALL]]></Field>
	<Field name="GenericPriv" type="java.lang.String"><![CDATA[0]]></Field>
	<Field name="GlobalId" type="java.lang.String"><![CDATA[0d5e18ae-a092-31b8-a3dd-1a961153e337]]></Field>
	<Field name="IMeth" type="com.sunopsis.sql.DbInt"><![CDATA[22200]]></Field>
	<Field name="IProf" type="com.sunopsis.sql.DbInt"><![CDATA[16]]></Field>
	<Field name="LastDate" type="java.sql.Timestamp"><![CDATA[2016-10-28 12:43:10.0]]></Field>
	<Field name="LastUser" type="java.lang.String"><![CDATA[SUNOPSIS_INSTALL]]></Field>
</Object>
<Object class="com.sunopsis.dwg.dbobj.SnpProfMeth">
		<Field name="FirstDate" type="java.sql.Timestamp"><![CDATA[2016-10-28 12:43:10.0]]></Field>
	<Field name="FirstUser" type="java.lang.String"><![CDATA[SUNOPSIS_INSTALL]]></Field>
	<Field name="GenericPriv" type="java.lang.String"><![CDATA[0]]></Field>
	<Field name="GlobalId" type="java.lang.String"><![CDATA[dd329111-b997-3ac9-aabb-8551356639e5]]></Field>
	<Field name="IMeth" type="com.sunopsis.sql.DbInt"><![CDATA[22400]]></Field>
	<Field name="IProf" type="com.sunopsis.sql.DbInt"><![CDATA[16]]></Field>
	<Field name="LastDate" type="java.sql.Timestamp"><![CDATA[2016-10-28 12:43:10.0]]></Field>
	<Field name="LastUser" type="java.lang.String"><![CDATA[SUNOPSIS_INSTALL]]></Field>
</Object>
<Object class="com.sunopsis.dwg.dbobj.SnpProfMeth">
		<Field name="FirstDate" type="java.sql.Timestamp"><![CDATA[2016-10-28 12:43:10.0]]></Field>
	<Field name="FirstUser" type="java.lang.String"><![CDATA[SUNOPSIS_INSTALL]]></Field>
	<Field name="GenericPriv" type="java.lang.String"><![CDATA[0]]></Field>
	<Field name="GlobalId" type="java.lang.String"><![CDATA[b63cdc17-d4ea-3b76-9a4e-f3b3610a44f7]]></Field>
	<Field name="IMeth" type="com.sunopsis.sql.DbInt"><![CDATA[22500]]></Field>
	<Field name="IProf" type="com.sunopsis.sql.DbInt"><![CDATA[16]]></Field>
	<Field name="LastDate" type="java.sql.Timestamp"><![CDATA[2016-10-28 12:43:10.0]]></Field>
	<Field name="LastUser" type="java.lang.String"><![CDATA[SUNOPSIS_INSTALL]]></Field>
</Object>
<Object class="com.sunopsis.dwg.dbobj.SnpProfMeth">
		<Field name="FirstDate" type="java.sql.Timestamp"><![CDATA[2016-10-28 12:43:10.0]]></Field>
	<Field name="FirstUser" type="java.lang.String"><![CDATA[SUNOPSIS_INSTALL]]></Field>
	<Field name="GenericPriv" type="java.lang.String"><![CDATA[0]]></Field>
	<Field name="GlobalId" type="java.lang.String"><![CDATA[e0d73b17-bdfe-3990-97c6-260fcea04c48]]></Field>
	<Field name="IMeth" type="com.sunopsis.sql.DbInt"><![CDATA[9900]]></Field>
	<Field name="IProf" type="com.sunopsis.sql.DbInt"><![CDATA[16]]></Field>
	<Field name="LastDate" type="java.sql.Timestamp"><![CDATA[2016-10-28 12:43:10.0]]></Field>
	<Field name="LastUser" type="java.lang.String"><![CDATA[SUNOPSIS_INSTALL]]></Field>
</Object>
<Object class="com.sunopsis.dwg.dbobj.SnpProfMeth">
		<Field name="FirstDate" type="java.sql.Timestamp"><![CDATA[2016-10-28 12:43:10.0]]></Field>
	<Field name="FirstUser" type="java.lang.String"><![CDATA[SUNOPSIS_INSTALL]]></Field>
	<Field name="GenericPriv" type="java.lang.String"><![CDATA[0]]></Field>
	<Field name="GlobalId" type="java.lang.String"><![CDATA[013b1ed8-3e01-33e4-962d-a8a3cc513f03]]></Field>
	<Field name="IMeth" type="com.sunopsis.sql.DbInt"><![CDATA[22600]]></Field>
	<Field name="IProf" type="com.sunopsis.sql.DbInt"><![CDATA[16]]></Field>
	<Field name="LastDate" type="java.sql.Timestamp"><![CDATA[2016-10-28 12:43:10.0]]></Field>
	<Field name="LastUser" type="java.lang.String"><![CDATA[SUNOPSIS_INSTALL]]></Field>
</Object>
<Object class="com.sunopsis.dwg.dbobj.SnpProfMeth">
		<Field name="FirstDate" type="java.sql.Timestamp"><![CDATA[2016-10-28 12:43:10.0]]></Field>
	<Field name="FirstUser" type="java.lang.String"><![CDATA[SUNOPSIS_INSTALL]]></Field>
	<Field name="GenericPriv" type="java.lang.String"><![CDATA[0]]></Field>
	<Field name="GlobalId" type="java.lang.String"><![CDATA[5560d2fc-2cce-396e-820e-1f226e719c75]]></Field>
	<Field name="IMeth" type="com.sunopsis.sql.DbInt"><![CDATA[10100]]></Field>
	<Field name="IProf" type="com.sunopsis.sql.DbInt"><![CDATA[16]]></Field>
	<Field name="LastDate" type="java.sql.Timestamp"><![CDATA[2016-10-28 12:43:10.0]]></Field>
	<Field name="LastUser" type="java.lang.String"><![CDATA[SUNOPSIS_INSTALL]]></Field>
</Object>
<Object class="com.sunopsis.dwg.dbobj.SnpProfMeth">
		<Field name="FirstDate" type="java.sql.Timestamp"><![CDATA[2016-10-28 12:43:10.0]]></Field>
	<Field name="FirstUser" type="java.lang.String"><![CDATA[SUNOPSIS_INSTALL]]></Field>
	<Field name="GenericPriv" type="java.lang.String"><![CDATA[0]]></Field>
	<Field name="GlobalId" type="java.lang.String"><![CDATA[7398aab5-25b1-3807-be88-bad2353b4ab6]]></Field>
	<Field name="IMeth" type="com.sunopsis.sql.DbInt"><![CDATA[33000]]></Field>
	<Field name="IProf" type="com.sunopsis.sql.DbInt"><![CDATA[16]]></Field>
	<Field name="LastDate" type="java.sql.Timestamp"><![CDATA[2016-10-28 12:43:10.0]]></Field>
	<Field name="LastUser" type="java.lang.String"><![CDATA[SUNOPSIS_INSTALL]]></Field>
</Object>
<Object class="com.sunopsis.dwg.dbobj.SnpProfMeth">
		<Field name="FirstDate" type="java.sql.Timestamp"><![CDATA[2016-10-28 12:43:10.0]]></Field>
	<Field name="FirstUser" type="java.lang.String"><![CDATA[SUNOPSIS_INSTALL]]></Field>
	<Field name="GenericPriv" type="java.lang.String"><![CDATA[0]]></Field>
	<Field name="GlobalId" type="java.lang.String"><![CDATA[ca4c9b1f-3225-32a2-b4ba-fca17847aab7]]></Field>
	<Field name="IMeth" type="com.sunopsis.sql.DbInt"><![CDATA[14300]]></Field>
	<Field name="IProf" type="com.sunopsis.sql.DbInt"><![CDATA[16]]></Field>
	<Field name="LastDate" type="java.sql.Timestamp"><![CDATA[2016-10-28 12:43:10.0]]></Field>
	<Field name="LastUser" type="java.lang.String"><![CDATA[SUNOPSIS_INSTALL]]></Field>
</Object>
<Object class="com.sunopsis.dwg.dbobj.SnpProfMeth">
		<Field name="FirstDate" type="java.sql.Timestamp"><![CDATA[2016-10-28 12:43:10.0]]></Field>
	<Field name="FirstUser" type="java.lang.String"><![CDATA[SUNOPSIS_INSTALL]]></Field>
	<Field name="GenericPriv" type="java.lang.String"><![CDATA[0]]></Field>
	<Field name="GlobalId" type="java.lang.String"><![CDATA[a7c55142-766c-3ca9-9073-9b4c119f456d]]></Field>
	<Field name="IMeth" type="com.sunopsis.sql.DbInt"><![CDATA[14700]]></Field>
	<Field name="IProf" type="com.sunopsis.sql.DbInt"><![CDATA[16]]></Field>
	<Field name="LastDate" type="java.sql.Timestamp"><![CDATA[2016-10-28 12:43:10.0]]></Field>
	<Field name="LastUser" type="java.lang.String"><![CDATA[SUNOPSIS_INSTALL]]></Field>
</Object>
<Object class="com.sunopsis.dwg.dbobj.SnpProfMeth">
		<Field name="FirstDate" type="java.sql.Timestamp"><![CDATA[2016-10-28 12:43:10.0]]></Field>
	<Field name="FirstUser" type="java.lang.String"><![CDATA[SUNOPSIS_INSTALL]]></Field>
	<Field name="GenericPriv" type="java.lang.String"><![CDATA[0]]></Field>
	<Field name="GlobalId" type="java.lang.String"><![CDATA[f88e222f-deee-338c-8ac1-7d4ded14eff7]]></Field>
	<Field name="IMeth" type="com.sunopsis.sql.DbInt"><![CDATA[16200]]></Field>
	<Field name="IProf" type="com.sunopsis.sql.DbInt"><![CDATA[16]]></Field>
	<Field name="LastDate" type="java.sql.Timestamp"><![CDATA[2016-10-28 12:43:10.0]]></Field>
	<Field name="LastUser" type="java.lang.String"><![CDATA[SUNOPSIS_INSTALL]]></Field>
</Object>
<Object class="com.sunopsis.dwg.dbobj.SnpProfMeth">
		<Field name="FirstDate" type="java.sql.Timestamp"><![CDATA[2016-10-28 12:43:10.0]]></Field>
	<Field name="FirstUser" type="java.lang.String"><![CDATA[SUNOPSIS_INSTALL]]></Field>
	<Field name="GenericPriv" type="java.lang.String"><![CDATA[0]]></Field>
	<Field name="GlobalId" type="java.lang.String"><![CDATA[626231ef-f30f-3261-8a9b-c2b980d08cd5]]></Field>
	<Field name="IMeth" type="com.sunopsis.sql.DbInt"><![CDATA[16600]]></Field>
	<Field name="IProf" type="com.sunopsis.sql.DbInt"><![CDATA[16]]></Field>
	<Field name="LastDate" type="java.sql.Timestamp"><![CDATA[2016-10-28 12:43:10.0]]></Field>
	<Field name="LastUser" type="java.lang.String"><![CDATA[SUNOPSIS_INSTALL]]></Field>
</Object>
<Object class="com.sunopsis.dwg.dbobj.SnpProfMeth">
		<Field name="FirstDate" type="java.sql.Timestamp"><![CDATA[2016-10-28 12:43:10.0]]></Field>
	<Field name="FirstUser" type="java.lang.String"><![CDATA[SUNOPSIS_INSTALL]]></Field>
	<Field name="GenericPriv" type="java.lang.String"><![CDATA[0]]></Field>
	<Field name="GlobalId" type="java.lang.String"><![CDATA[f49db5cb-267a-3679-a258-5779c6d07080]]></Field>
	<Field name="IMeth" type="com.sunopsis.sql.DbInt"><![CDATA[34000]]></Field>
	<Field name="IProf" type="com.sunopsis.sql.DbInt"><![CDATA[16]]></Field>
	<Field name="LastDate" type="java.sql.Timestamp"><![CDATA[2016-10-28 12:43:10.0]]></Field>
	<Field name="LastUser" type="java.lang.String"><![CDATA[SUNOPSIS_INSTALL]]></Field>
</Object>
<Object class="com.sunopsis.dwg.dbobj.SnpProfMeth">
		<Field name="FirstDate" type="java.sql.Timestamp"><![CDATA[2016-10-28 12:43:10.0]]></Field>
	<Field name="FirstUser" type="java.lang.String"><![CDATA[SUNOPSIS_INSTALL]]></Field>
	<Field name="GenericPriv" type="java.lang.String"><![CDATA[0]]></Field>
	<Field name="GlobalId" type="java.lang.String"><![CDATA[c6c96480-995c-39a1-868a-cca9222678dd]]></Field>
	<Field name="IMeth" type="com.sunopsis.sql.DbInt"><![CDATA[36700]]></Field>
	<Field name="IProf" type="com.sunopsis.sql.DbInt"><![CDATA[16]]></Field>
	<Field name="LastDate" type="java.sql.Timestamp"><![CDATA[2016-10-28 12:43:10.0]]></Field>
	<Field name="LastUser" type="java.lang.String"><![CDATA[SUNOPSIS_INSTALL]]></Field>
</Object>
<Object class="com.sunopsis.dwg.dbobj.SnpProfMeth">
		<Field name="FirstDate" type="java.sql.Timestamp"><![CDATA[2016-10-28 12:43:10.0]]></Field>
	<Field name="FirstUser" type="java.lang.String"><![CDATA[SUNOPSIS_INSTALL]]></Field>
	<Field name="GenericPriv" type="java.lang.String"><![CDATA[0]]></Field>
	<Field name="GlobalId" type="java.lang.String"><![CDATA[2b362970-c8ad-3596-9cfd-8cc49264dbc4]]></Field>
	<Field name="IMeth" type="com.sunopsis.sql.DbInt"><![CDATA[700]]></Field>
	<Field name="IProf" type="com.sunopsis.sql.DbInt"><![CDATA[16]]></Field>
	<Field name="LastDate" type="java.sql.Timestamp"><![CDATA[2016-10-28 12:43:10.0]]></Field>
	<Field name="LastUser" type="java.lang.String"><![CDATA[SUNOPSIS_INSTALL]]></Field>
</Object>
<Object class="com.sunopsis.dwg.dbobj.SnpProfMeth">
		<Field name="FirstDate" type="java.sql.Timestamp"><![CDATA[2016-10-28 12:43:10.0]]></Field>
	<Field name="FirstUser" type="java.lang.String"><![CDATA[SUNOPSIS_INSTALL]]></Field>
	<Field name="GenericPriv" type="java.lang.String"><![CDATA[0]]></Field>
	<Field name="GlobalId" type="java.lang.String"><![CDATA[02d68db4-4d31-3fd5-b39b-d340e1962bf2]]></Field>
	<Field name="IMeth" type="com.sunopsis.sql.DbInt"><![CDATA[1900]]></Field>
	<Field name="IProf" type="com.sunopsis.sql.DbInt"><![CDATA[16]]></Field>
	<Field name="LastDate" type="java.sql.Timestamp"><![CDATA[2016-10-28 12:43:10.0]]></Field>
	<Field name="LastUser" type="java.lang.String"><![CDATA[SUNOPSIS_INSTALL]]></Field>
</Object>
<Object class="com.sunopsis.dwg.dbobj.SnpProfMeth">
		<Field name="FirstDate" type="java.sql.Timestamp"><![CDATA[2016-10-28 12:43:10.0]]></Field>
	<Field name="FirstUser" type="java.lang.String"><![CDATA[SUNOPSIS_INSTALL]]></Field>
	<Field name="GenericPriv" type="java.lang.String"><![CDATA[0]]></Field>
	<Field name="GlobalId" type="java.lang.String"><![CDATA[af9a61e5-a017-3108-9c58-b0fed05dca1a]]></Field>
	<Field name="IMeth" type="com.sunopsis.sql.DbInt"><![CDATA[18900]]></Field>
	<Field name="IProf" type="com.sunopsis.sql.DbInt"><![CDATA[16]]></Field>
	<Field name="LastDate" type="java.sql.Timestamp"><![CDATA[2016-10-28 12:43:10.0]]></Field>
	<Field name="LastUser" type="java.lang.String"><![CDATA[SUNOPSIS_INSTALL]]></Field>
</Object>
<Object class="com.sunopsis.dwg.dbobj.SnpProfMeth">
		<Field name="FirstDate" type="java.sql.Timestamp"><![CDATA[2016-10-28 12:43:10.0]]></Field>
	<Field name="FirstUser" type="java.lang.String"><![CDATA[SUNOPSIS_INSTALL]]></Field>
	<Field name="GenericPriv" type="java.lang.String"><![CDATA[0]]></Field>
	<Field name="GlobalId" type="java.lang.String"><![CDATA[3cd1647c-7b61-3d03-9579-d0bc5b0f7e86]]></Field>
	<Field name="IMeth" type="com.sunopsis.sql.DbInt"><![CDATA[38700]]></Field>
	<Field name="IProf" type="com.sunopsis.sql.DbInt"><![CDATA[16]]></Field>
	<Field name="LastDate" type="java.sql.Timestamp"><![CDATA[2016-10-28 12:43:10.0]]></Field>
	<Field name="LastUser" type="java.lang.String"><![CDATA[SUNOPSIS_INSTALL]]></Field>
</Object>
<Object class="com.sunopsis.dwg.dbobj.SnpProfMeth">
		<Field name="FirstDate" type="java.sql.Timestamp"><![CDATA[2016-10-28 12:43:10.0]]></Field>
	<Field name="FirstUser" type="java.lang.String"><![CDATA[SUNOPSIS_INSTALL]]></Field>
	<Field name="GenericPriv" type="java.lang.String"><![CDATA[0]]></Field>
	<Field name="GlobalId" type="java.lang.String"><![CDATA[0d22ff96-f047-3b44-939a-c56482e1747d]]></Field>
	<Field name="IMeth" type="com.sunopsis.sql.DbInt"><![CDATA[22300]]></Field>
	<Field name="IProf" type="com.sunopsis.sql.DbInt"><![CDATA[16]]></Field>
	<Field name="LastDate" type="java.sql.Timestamp"><![CDATA[2016-10-28 12:43:10.0]]></Field>
	<Field name="LastUser" type="java.lang.String"><![CDATA[SUNOPSIS_INSTALL]]></Field>
</Object>
<Object class="com.sunopsis.dwg.dbobj.SnpProfMeth">
		<Field name="FirstDate" type="java.sql.Timestamp"><![CDATA[2016-10-28 12:43:10.0]]></Field>
	<Field name="FirstUser" type="java.lang.String"><![CDATA[SUNOPSIS_INSTALL]]></Field>
	<Field name="GenericPriv" type="java.lang.String"><![CDATA[0]]></Field>
	<Field name="GlobalId" type="java.lang.String"><![CDATA[ed017bb8-f98e-39d6-b495-c78ad8d7215f]]></Field>
	<Field name="IMeth" type="com.sunopsis.sql.DbInt"><![CDATA[13600]]></Field>
	<Field name="IProf" type="com.sunopsis.sql.DbInt"><![CDATA[16]]></Field>
	<Field name="LastDate" type="java.sql.Timestamp"><![CDATA[2016-10-28 12:43:10.0]]></Field>
	<Field name="LastUser" type="java.lang.String"><![CDATA[SUNOPSIS_INSTALL]]></Field>
</Object>
<Object class="com.sunopsis.dwg.dbobj.SnpProfMeth">
		<Field name="FirstDate" type="java.sql.Timestamp"><![CDATA[2016-10-28 12:43:10.0]]></Field>
	<Field name="FirstUser" type="java.lang.String"><![CDATA[SUNOPSIS_INSTALL]]></Field>
	<Field name="GenericPriv" type="java.lang.String"><![CDATA[0]]></Field>
	<Field name="GlobalId" type="java.lang.String"><![CDATA[1a4a4d3e-d7fe-3826-9652-6c57e161a101]]></Field>
	<Field name="IMeth" type="com.sunopsis.sql.DbInt"><![CDATA[17700]]></Field>
	<Field name="IProf" type="com.sunopsis.sql.DbInt"><![CDATA[16]]></Field>
	<Field name="LastDate" type="java.sql.Timestamp"><![CDATA[2016-10-28 12:43:10.0]]></Field>
	<Field name="LastUser" type="java.lang.String"><![CDATA[SUNOPSIS_INSTALL]]></Field>
</Object>
<Object class="com.sunopsis.dwg.dbobj.SnpProfMeth">
		<Field name="FirstDate" type="java.sql.Timestamp"><![CDATA[2016-10-28 12:43:10.0]]></Field>
	<Field name="FirstUser" type="java.lang.String"><![CDATA[SUNOPSIS_INSTALL]]></Field>
	<Field name="GenericPriv" type="java.lang.String"><![CDATA[0]]></Field>
	<Field name="GlobalId" type="java.lang.String"><![CDATA[06d24738-3e91-3a90-8832-ec9a74d9e3a6]]></Field>
	<Field name="IMeth" type="com.sunopsis.sql.DbInt"><![CDATA[50500]]></Field>
	<Field name="IProf" type="com.sunopsis.sql.DbInt"><![CDATA[16]]></Field>
	<Field name="LastDate" type="java.sql.Timestamp"><![CDATA[2016-10-28 12:43:10.0]]></Field>
	<Field name="LastUser" type="java.lang.String"><![CDATA[SUNOPSIS_INSTALL]]></Field>
</Object>
<Object class="com.sunopsis.dwg.dbobj.SnpProfMeth">
		<Field name="FirstDate" type="java.sql.Timestamp"><![CDATA[2016-10-28 12:43:10.0]]></Field>
	<Field name="FirstUser" type="java.lang.String"><![CDATA[SUNOPSIS_INSTALL]]></Field>
	<Field name="GenericPriv" type="java.lang.String"><![CDATA[0]]></Field>
	<Field name="GlobalId" type="java.lang.String"><![CDATA[c72b4578-ca0a-3f6a-8611-8bd0c28fd966]]></Field>
	<Field name="IMeth" type="com.sunopsis.sql.DbInt"><![CDATA[47300]]></Field>
	<Field name="IProf" type="com.sunopsis.sql.DbInt"><![CDATA[16]]></Field>
	<Field name="LastDate" type="java.sql.Timestamp"><![CDATA[2016-10-28 12:43:10.0]]></Field>
	<Field name="LastUser" type="java.lang.String"><![CDATA[SUNOPSIS_INSTALL]]></Field>
</Object>
<Object class="com.sunopsis.dwg.dbobj.SnpProfMeth">
		<Field name="FirstDate" type="java.sql.Timestamp"><![CDATA[2016-10-28 12:43:10.0]]></Field>
	<Field name="FirstUser" type="java.lang.String"><![CDATA[SUNOPSIS_INSTALL]]></Field>
	<Field name="GenericPriv" type="java.lang.String"><![CDATA[0]]></Field>
	<Field name="GlobalId" type="java.lang.String"><![CDATA[7e56ea9d-ed02-30e7-ba06-70ff71c6583d]]></Field>
	<Field name="IMeth" type="com.sunopsis.sql.DbInt"><![CDATA[47800]]></Field>
	<Field name="IProf" type="com.sunopsis.sql.DbInt"><![CDATA[16]]></Field>
	<Field name="LastDate" type="java.sql.Timestamp"><![CDATA[2016-10-28 12:43:10.0]]></Field>
	<Field name="LastUser" type="java.lang.String"><![CDATA[SUNOPSIS_INSTALL]]></Field>
</Object>
<Object class="com.sunopsis.dwg.dbobj.SnpProfMeth">
		<Field name="FirstDate" type="java.sql.Timestamp"><![CDATA[2016-10-28 12:43:10.0]]></Field>
	<Field name="FirstUser" type="java.lang.String"><![CDATA[SUNOPSIS_INSTALL]]></Field>
	<Field name="GenericPriv" type="java.lang.String"><![CDATA[0]]></Field>
	<Field name="GlobalId" type="java.lang.String"><![CDATA[29e2c477-7280-3a3e-a000-327c966aa5d7]]></Field>
	<Field name="IMeth" type="com.sunopsis.sql.DbInt"><![CDATA[60100]]></Field>
	<Field name="IProf" type="com.sunopsis.sql.DbInt"><![CDATA[16]]></Field>
	<Field name="LastDate" type="java.sql.Timestamp"><![CDATA[2016-10-28 12:43:10.0]]></Field>
	<Field name="LastUser" type="java.lang.String"><![CDATA[SUNOPSIS_INSTALL]]></Field>
</Object>
<Object class="com.sunopsis.dwg.dbobj.SnpProfMeth">
		<Field name="FirstDate" type="java.sql.Timestamp"><![CDATA[2016-10-28 12:43:10.0]]></Field>
	<Field name="FirstUser" type="java.lang.String"><![CDATA[SUNOPSIS_INSTALL]]></Field>
	<Field name="GenericPriv" type="java.lang.String"><![CDATA[0]]></Field>
	<Field name="GlobalId" type="java.lang.String"><![CDATA[1c1a5a0b-464e-3f3d-9ec8-9292d2514792]]></Field>
	<Field name="IMeth" type="com.sunopsis.sql.DbInt"><![CDATA[61000]]></Field>
	<Field name="IProf" type="com.sunopsis.sql.DbInt"><![CDATA[16]]></Field>
	<Field name="LastDate" type="java.sql.Timestamp"><![CDATA[2016-10-28 12:43:10.0]]></Field>
	<Field name="LastUser" type="java.lang.String"><![CDATA[SUNOPSIS_INSTALL]]></Field>
</Object>
<Object class="com.sunopsis.dwg.dbobj.SnpProfMeth">
		<Field name="FirstDate" type="java.sql.Timestamp"><![CDATA[2016-10-28 12:43:10.0]]></Field>
	<Field name="FirstUser" type="java.lang.String"><![CDATA[SUNOPSIS_INSTALL]]></Field>
	<Field name="GenericPriv" type="java.lang.String"><![CDATA[0]]></Field>
	<Field name="GlobalId" type="java.lang.String"><![CDATA[66f3bfaf-9f0a-30e8-a5ad-05bc330768fe]]></Field>
	<Field name="IMeth" type="com.sunopsis.sql.DbInt"><![CDATA[58500]]></Field>
	<Field name="IProf" type="com.sunopsis.sql.DbInt"><![CDATA[16]]></Field>
	<Field name="LastDate" type="java.sql.Timestamp"><![CDATA[2016-10-28 12:43:10.0]]></Field>
	<Field name="LastUser" type="java.lang.String"><![CDATA[SUNOPSIS_INSTALL]]></Field>
</Object>
<Object class="com.sunopsis.dwg.dbobj.SnpProfMeth">
		<Field name="FirstDate" type="java.sql.Timestamp"><![CDATA[2016-10-28 12:43:10.0]]></Field>
	<Field name="FirstUser" type="java.lang.String"><![CDATA[SUNOPSIS_INSTALL]]></Field>
	<Field name="GenericPriv" type="java.lang.String"><![CDATA[0]]></Field>
	<Field name="GlobalId" type="java.lang.String"><![CDATA[22c842a7-ec58-3612-8377-562cebb97819]]></Field>
	<Field name="IMeth" type="com.sunopsis.sql.DbInt"><![CDATA[39300]]></Field>
	<Field name="IProf" type="com.sunopsis.sql.DbInt"><![CDATA[16]]></Field>
	<Field name="LastDate" type="java.sql.Timestamp"><![CDATA[2016-10-28 12:43:10.0]]></Field>
	<Field name="LastUser" type="java.lang.String"><![CDATA[SUNOPSIS_INSTALL]]></Field>
</Object>
<Object class="com.sunopsis.dwg.dbobj.SnpProfMeth">
		<Field name="FirstDate" type="java.sql.Timestamp"><![CDATA[2016-10-28 12:43:10.0]]></Field>
	<Field name="FirstUser" type="java.lang.String"><![CDATA[SUNOPSIS_INSTALL]]></Field>
	<Field name="GenericPriv" type="java.lang.String"><![CDATA[0]]></Field>
	<Field name="GlobalId" type="java.lang.String"><![CDATA[3fdc35dc-ea9e-3c13-a883-fad26c45af26]]></Field>
	<Field name="IMeth" type="com.sunopsis.sql.DbInt"><![CDATA[41400]]></Field>
	<Field name="IProf" type="com.sunopsis.sql.DbInt"><![CDATA[16]]></Field>
	<Field name="LastDate" type="java.sql.Timestamp"><![CDATA[2016-10-28 12:43:10.0]]></Field>
	<Field name="LastUser" type="java.lang.String"><![CDATA[SUNOPSIS_INSTALL]]></Field>
</Object>
<Object class="com.sunopsis.dwg.dbobj.SnpProfMeth">
		<Field name="FirstDate" type="java.sql.Timestamp"><![CDATA[2016-10-28 12:43:10.0]]></Field>
	<Field name="FirstUser" type="java.lang.String"><![CDATA[SUNOPSIS_INSTALL]]></Field>
	<Field name="GenericPriv" type="java.lang.String"><![CDATA[0]]></Field>
	<Field name="GlobalId" type="java.lang.String"><![CDATA[bb4ca6d4-7963-3583-9f3b-ffa1d3633622]]></Field>
	<Field name="IMeth" type="com.sunopsis.sql.DbInt"><![CDATA[53500]]></Field>
	<Field name="IProf" type="com.sunopsis.sql.DbInt"><![CDATA[16]]></Field>
	<Field name="LastDate" type="java.sql.Timestamp"><![CDATA[2016-10-28 12:43:10.0]]></Field>
	<Field name="LastUser" type="java.lang.String"><![CDATA[SUNOPSIS_INSTALL]]></Field>
</Object>
<Object class="com.sunopsis.dwg.dbobj.SnpProfMeth">
		<Field name="FirstDate" type="java.sql.Timestamp"><![CDATA[2016-10-28 12:43:10.0]]></Field>
	<Field name="FirstUser" type="java.lang.String"><![CDATA[SUNOPSIS_INSTALL]]></Field>
	<Field name="GenericPriv" type="java.lang.String"><![CDATA[0]]></Field>
	<Field name="GlobalId" type="java.lang.String"><![CDATA[b7affd8d-64a8-36bd-ba1f-28045fae5e44]]></Field>
	<Field name="IMeth" type="com.sunopsis.sql.DbInt"><![CDATA[54300]]></Field>
	<Field name="IProf" type="com.sunopsis.sql.DbInt"><![CDATA[16]]></Field>
	<Field name="LastDate" type="java.sql.Timestamp"><![CDATA[2016-10-28 12:43:10.0]]></Field>
	<Field name="LastUser" type="java.lang.String"><![CDATA[SUNOPSIS_INSTALL]]></Field>
</Object>
<Object class="com.sunopsis.dwg.dbobj.SnpProfMeth">
		<Field name="FirstDate" type="java.sql.Timestamp"><![CDATA[2016-10-28 12:43:10.0]]></Field>
	<Field name="FirstUser" type="java.lang.String"><![CDATA[SUNOPSIS_INSTALL]]></Field>
	<Field name="GenericPriv" type="java.lang.String"><![CDATA[0]]></Field>
	<Field name="GlobalId" type="java.lang.String"><![CDATA[0d6f2a4c-f267-3d98-9790-f563323ab822]]></Field>
	<Field name="IMeth" type="com.sunopsis.sql.DbInt"><![CDATA[29900]]></Field>
	<Field name="IProf" type="com.sunopsis.sql.DbInt"><![CDATA[16]]></Field>
	<Field name="LastDate" type="java.sql.Timestamp"><![CDATA[2016-10-28 12:43:10.0]]></Field>
	<Field name="LastUser" type="java.lang.String"><![CDATA[SUNOPSIS_INSTALL]]></Field>
</Object>
<Object class="com.sunopsis.dwg.dbobj.SnpProfMeth">
		<Field name="FirstDate" type="java.sql.Timestamp"><![CDATA[2016-10-28 12:43:10.0]]></Field>
	<Field name="FirstUser" type="java.lang.String"><![CDATA[SUNOPSIS_INSTALL]]></Field>
	<Field name="GenericPriv" type="java.lang.String"><![CDATA[0]]></Field>
	<Field name="GlobalId" type="java.lang.String"><![CDATA[1cd05316-8e50-3864-81ac-4c2000a74937]]></Field>
	<Field name="IMeth" type="com.sunopsis.sql.DbInt"><![CDATA[52800]]></Field>
	<Field name="IProf" type="com.sunopsis.sql.DbInt"><![CDATA[16]]></Field>
	<Field name="LastDate" type="java.sql.Timestamp"><![CDATA[2016-10-28 12:43:10.0]]></Field>
	<Field name="LastUser" type="java.lang.String"><![CDATA[SUNOPSIS_INSTALL]]></Field>
</Object>
<Object class="com.sunopsis.dwg.dbobj.SnpProfMeth">
		<Field name="FirstDate" type="java.sql.Timestamp"><![CDATA[2016-10-28 12:43:10.0]]></Field>
	<Field name="FirstUser" type="java.lang.String"><![CDATA[SUNOPSIS_INSTALL]]></Field>
	<Field name="GenericPriv" type="java.lang.String"><![CDATA[0]]></Field>
	<Field name="GlobalId" type="java.lang.String"><![CDATA[343ccef7-153f-45ce-978f-e80e120665b9]]></Field>
	<Field name="IMeth" type="com.sunopsis.sql.DbInt"><![CDATA[62400]]></Field>
	<Field name="IProf" type="com.sunopsis.sql.DbInt"><![CDATA[16]]></Field>
	<Field name="LastDate" type="java.sql.Timestamp"><![CDATA[2016-10-28 12:43:10.0]]></Field>
	<Field name="LastUser" type="java.lang.String"><![CDATA[SUNOPSIS_INSTALL]]></Field>
</Object>
<Object class="com.sunopsis.dwg.dbobj.SnpProfMeth">
		<Field name="FirstDate" type="java.sql.Timestamp"><![CDATA[2016-10-28 12:43:10.0]]></Field>
	<Field name="FirstUser" type="java.lang.String"><![CDATA[SUNOPSIS_INSTALL]]></Field>
	<Field name="GenericPriv" type="java.lang.String"><![CDATA[0]]></Field>
	<Field name="GlobalId" type="java.lang.String"><![CDATA[f81d29cc-3c38-4066-8c29-9f3261455a9b]]></Field>
	<Field name="IMeth" type="com.sunopsis.sql.DbInt"><![CDATA[115800]]></Field>
	<Field name="IProf" type="com.sunopsis.sql.DbInt"><![CDATA[16]]></Field>
	<Field name="LastDate" type="java.sql.Timestamp"><![CDATA[2016-10-28 12:43:10.0]]></Field>
	<Field name="LastUser" type="java.lang.String"><![CDATA[SUNOPSIS_INSTALL]]></Field>
</Object>
<Object class="com.sunopsis.dwg.dbobj.SnpProfMeth">
		<Field name="FirstDate" type="java.sql.Timestamp"><![CDATA[2016-10-28 12:43:10.0]]></Field>
	<Field name="FirstUser" type="java.lang.String"><![CDATA[SUNOPSIS_INSTALL]]></Field>
	<Field name="GenericPriv" type="java.lang.String"><![CDATA[0]]></Field>
	<Field name="GlobalId" type="java.lang.String"><![CDATA[de92828e-ec28-477a-8164-c787265761eb]]></Field>
	<Field name="IMeth" type="com.sunopsis.sql.DbInt"><![CDATA[115900]]></Field>
	<Field name="IProf" type="com.sunopsis.sql.DbInt"><![CDATA[16]]></Field>
	<Field name="LastDate" type="java.sql.Timestamp"><![CDATA[2016-10-28 12:43:10.0]]></Field>
	<Field name="LastUser" type="java.lang.String"><![CDATA[SUNOPSIS_INSTALL]]></Field>
</Object>
<Object class="com.sunopsis.dwg.dbobj.SnpProfMeth">
		<Field name="FirstDate" type="java.sql.Timestamp"><![CDATA[2016-10-28 12:43:10.0]]></Field>
	<Field name="FirstUser" type="java.lang.String"><![CDATA[SUNOPSIS_INSTALL]]></Field>
	<Field name="GenericPriv" type="java.lang.String"><![CDATA[0]]></Field>
	<Field name="GlobalId" type="java.lang.String"><![CDATA[b65a6b82-f90f-4dd4-a7b9-a4f08371ce8a]]></Field>
	<Field name="IMeth" type="com.sunopsis.sql.DbInt"><![CDATA[115700]]></Field>
	<Field name="IProf" type="com.sunopsis.sql.DbInt"><![CDATA[16]]></Field>
	<Field name="LastDate" type="java.sql.Timestamp"><![CDATA[2016-10-28 12:43:10.0]]></Field>
	<Field name="LastUser" type="java.lang.String"><![CDATA[SUNOPSIS_INSTALL]]></Field>
</Object>
<Object class="com.sunopsis.dwg.dbobj.SnpFKXRef">
		<Field name="RefKey" type="java.lang.String"><![CDATA[SNP_PROFILE.16]]></Field>
	<Field name="RefObjGlobalId" type="java.lang.String"><![CDATA[6474a877-b44c-3449-ba01-af6f80d5a6bc]]></Field>
 <Field name="RefObjFQName" type="java.lang.String"><![CDATA[NG CONSOLE]]></Field>
 <Field name="RefObjFQType" type="java.lang.String"><![CDATA[SNP_PROFILE]]></Field>
 <Field name="RefObjFQNameLengths" type="java.lang.String"><![CDATA[10]]></Field>
</Object>
<Object class="com.sunopsis.dwg.dbobj.SnpFKXRef">
		<Field name="RefKey" type="java.lang.String"><![CDATA[SNP_METHOD.51300]]></Field>
	<Field name="RefObjGlobalId" type="java.lang.String"><![CDATA[59db5fd2-7d01-3252-82d7-e34a1a3e5e3f]]></Field>
 <Field name="RefObjFQName" type="java.lang.String"><![CDATA[Model Folder.View]]></Field>
 <Field name="RefObjFQType" type="java.lang.String"><![CDATA[SNP_OBJECT.SNP_METHOD]]></Field>
 <Field name="RefObjFQNameLengths" type="java.lang.String"><![CDATA[12.4]]></Field>
</Object>
<Object class="com.sunopsis.dwg.dbobj.SnpFKXRef">
		<Field name="RefKey" type="java.lang.String"><![CDATA[SNP_METHOD.200]]></Field>
	<Field name="RefObjGlobalId" type="java.lang.String"><![CDATA[7bebe794-2991-33f5-92a8-76caca145afa]]></Field>
 <Field name="RefObjFQName" type="java.lang.String"><![CDATA[Object.View]]></Field>
 <Field name="RefObjFQType" type="java.lang.String"><![CDATA[SNP_OBJECT.SNP_METHOD]]></Field>
 <Field name="RefObjFQNameLengths" type="java.lang.String"><![CDATA[6.4]]></Field>
</Object>
<Object class="com.sunopsis.dwg.dbobj.SnpFKXRef">
		<Field name="RefKey" type="java.lang.String"><![CDATA[SNP_METHOD.1200]]></Field>
	<Field name="RefObjGlobalId" type="java.lang.String"><![CDATA[b462f807-b0a3-326e-b95d-58a358783c0a]]></Field>
 <Field name="RefObjFQName" type="java.lang.String"><![CDATA[User.View]]></Field>
 <Field name="RefObjFQType" type="java.lang.String"><![CDATA[SNP_OBJECT.SNP_METHOD]]></Field>
 <Field name="RefObjFQNameLengths" type="java.lang.String"><![CDATA[4.4]]></Field>
</Object>
<Object class="com.sunopsis.dwg.dbobj.SnpFKXRef">
		<Field name="RefKey" type="java.lang.String"><![CDATA[SNP_METHOD.1500]]></Field>
	<Field name="RefObjGlobalId" type="java.lang.String"><![CDATA[720bcfc3-744a-3b19-97b9-2283e9579c47]]></Field>
 <Field name="RefObjFQName" type="java.lang.String"><![CDATA[Method.View]]></Field>
 <Field name="RefObjFQType" type="java.lang.String"><![CDATA[SNP_OBJECT.SNP_METHOD]]></Field>
 <Field name="RefObjFQNameLengths" type="java.lang.String"><![CDATA[6.4]]></Field>
</Object>
<Object class="com.sunopsis.dwg.dbobj.SnpFKXRef">
		<Field name="RefKey" type="java.lang.String"><![CDATA[SNP_METHOD.2400]]></Field>
	<Field name="RefObjGlobalId" type="java.lang.String"><![CDATA[252eee88-6052-3f1f-8067-21c3790c5fa0]]></Field>
 <Field name="RefObjFQName" type="java.lang.String"><![CDATA[Users / Methods.View]]></Field>
 <Field name="RefObjFQType" type="java.lang.String"><![CDATA[SNP_OBJECT.SNP_METHOD]]></Field>
 <Field name="RefObjFQNameLengths" type="java.lang.String"><![CDATA[15.4]]></Field>
</Object>
<Object class="com.sunopsis.dwg.dbobj.SnpFKXRef">
		<Field name="RefKey" type="java.lang.String"><![CDATA[SNP_METHOD.7700]]></Field>
	<Field name="RefObjGlobalId" type="java.lang.String"><![CDATA[f0e5e849-b178-30bb-84d8-4a24ba84da5e]]></Field>
 <Field name="RefObjFQName" type="java.lang.String"><![CDATA[Datatype.View]]></Field>
 <Field name="RefObjFQType" type="java.lang.String"><![CDATA[SNP_OBJECT.SNP_METHOD]]></Field>
 <Field name="RefObjFQNameLengths" type="java.lang.String"><![CDATA[8.4]]></Field>
</Object>
<Object class="com.sunopsis.dwg.dbobj.SnpFKXRef">
		<Field name="RefKey" type="java.lang.String"><![CDATA[SNP_METHOD.17000]]></Field>
	<Field name="RefObjGlobalId" type="java.lang.String"><![CDATA[1f935e1f-bcc2-3ab2-a12b-9afe30e1a57a]]></Field>
 <Field name="RefObjFQName" type="java.lang.String"><![CDATA[Session.View]]></Field>
 <Field name="RefObjFQType" type="java.lang.String"><![CDATA[SNP_OBJECT.SNP_METHOD]]></Field>
 <Field name="RefObjFQNameLengths" type="java.lang.String"><![CDATA[7.4]]></Field>
</Object>
<Object class="com.sunopsis.dwg.dbobj.SnpFKXRef">
		<Field name="RefKey" type="java.lang.String"><![CDATA[SNP_METHOD.17200]]></Field>
	<Field name="RefObjGlobalId" type="java.lang.String"><![CDATA[1b4bbe7d-fcbf-3b08-af3e-293c07361acd]]></Field>
 <Field name="RefObjFQName" type="java.lang.String"><![CDATA[Step Log.View]]></Field>
 <Field name="RefObjFQType" type="java.lang.String"><![CDATA[SNP_OBJECT.SNP_METHOD]]></Field>
 <Field name="RefObjFQNameLengths" type="java.lang.String"><![CDATA[8.4]]></Field>
</Object>
<Object class="com.sunopsis.dwg.dbobj.SnpFKXRef">
		<Field name="RefKey" type="java.lang.String"><![CDATA[SNP_METHOD.17400]]></Field>
	<Field name="RefObjGlobalId" type="java.lang.String"><![CDATA[3b6cadd0-52ba-3847-abb4-ceba1f3ce7a7]]></Field>
 <Field name="RefObjFQName" type="java.lang.String"><![CDATA[Session Task.View]]></Field>
 <Field name="RefObjFQType" type="java.lang.String"><![CDATA[SNP_OBJECT.SNP_METHOD]]></Field>
 <Field name="RefObjFQNameLengths" type="java.lang.String"><![CDATA[12.4]]></Field>
</Object>
<Object class="com.sunopsis.dwg.dbobj.SnpFKXRef">
		<Field name="RefKey" type="java.lang.String"><![CDATA[SNP_METHOD.18100]]></Field>
	<Field name="RefObjGlobalId" type="java.lang.String"><![CDATA[efe6d891-f0e7-395b-a31e-db3b8943169e]]></Field>
 <Field name="RefObjFQName" type="java.lang.String"><![CDATA[Session Task Log.View]]></Field>
 <Field name="RefObjFQType" type="java.lang.String"><![CDATA[SNP_OBJECT.SNP_METHOD]]></Field>
 <Field name="RefObjFQNameLengths" type="java.lang.String"><![CDATA[16.4]]></Field>
</Object>
<Object class="com.sunopsis.dwg.dbobj.SnpFKXRef">
		<Field name="RefKey" type="java.lang.String"><![CDATA[SNP_METHOD.22700]]></Field>
	<Field name="RefObjGlobalId" type="java.lang.String"><![CDATA[c2caf38b-1f90-3502-a7dd-25988bf0d663]]></Field>
 <Field name="RefObjFQName" type="java.lang.String"><![CDATA[Scenario.View]]></Field>
 <Field name="RefObjFQType" type="java.lang.String"><![CDATA[SNP_OBJECT.SNP_METHOD]]></Field>
 <Field name="RefObjFQNameLengths" type="java.lang.String"><![CDATA[8.4]]></Field>
</Object>
<Object class="com.sunopsis.dwg.dbobj.SnpFKXRef">
		<Field name="RefKey" type="java.lang.String"><![CDATA[SNP_METHOD.23100]]></Field>
	<Field name="RefObjGlobalId" type="java.lang.String"><![CDATA[43a67eb6-5640-30cb-afa6-2cbc24c7c7cc]]></Field>
 <Field name="RefObjFQName" type="java.lang.String"><![CDATA[Language.View]]></Field>
 <Field name="RefObjFQType" type="java.lang.String"><![CDATA[SNP_OBJECT.SNP_METHOD]]></Field>
 <Field name="RefObjFQNameLengths" type="java.lang.String"><![CDATA[8.4]]></Field>
</Object>
<Object class="com.sunopsis.dwg.dbobj.SnpFKXRef">
		<Field name="RefKey" type="java.lang.String"><![CDATA[SNP_METHOD.30500]]></Field>
	<Field name="RefObjGlobalId" type="java.lang.String"><![CDATA[e02d2b39-b569-3cb6-8069-15b95fb8f8f2]]></Field>
 <Field name="RefObjFQName" type="java.lang.String"><![CDATA[Sub-Language.View]]></Field>
 <Field name="RefObjFQType" type="java.lang.String"><![CDATA[SNP_OBJECT.SNP_METHOD]]></Field>
 <Field name="RefObjFQNameLengths" type="java.lang.String"><![CDATA[12.4]]></Field>
</Object>
<Object class="com.sunopsis.dwg.dbobj.SnpFKXRef">
		<Field name="RefKey" type="java.lang.String"><![CDATA[SNP_METHOD.31000]]></Field>
	<Field name="RefObjGlobalId" type="java.lang.String"><![CDATA[da9eb38c-6147-3083-9c60-5d08cab44302]]></Field>
 <Field name="RefObjFQName" type="java.lang.String"><![CDATA[Language Element.View]]></Field>
 <Field name="RefObjFQType" type="java.lang.String"><![CDATA[SNP_OBJECT.SNP_METHOD]]></Field>
 <Field name="RefObjFQNameLengths" type="java.lang.String"><![CDATA[16.4]]></Field>
</Object>
<Object class="com.sunopsis.dwg.dbobj.SnpFKXRef">
		<Field name="RefKey" type="java.lang.String"><![CDATA[SNP_METHOD.32700]]></Field>
	<Field name="RefObjGlobalId" type="java.lang.String"><![CDATA[74b57df8-2191-35a1-a32f-72d5d4797c53]]></Field>
 <Field name="RefObjFQName" type="java.lang.String"><![CDATA[Scenario Variable.View]]></Field>
 <Field name="RefObjFQType" type="java.lang.String"><![CDATA[SNP_OBJECT.SNP_METHOD]]></Field>
 <Field name="RefObjFQNameLengths" type="java.lang.String"><![CDATA[17.4]]></Field>
</Object>
<Object class="com.sunopsis.dwg.dbobj.SnpFKXRef">
		<Field name="RefKey" type="java.lang.String"><![CDATA[SNP_METHOD.40200]]></Field>
	<Field name="RefObjGlobalId" type="java.lang.String"><![CDATA[eb2f9132-95b8-31a8-b5fc-21688d6db790]]></Field>
 <Field name="RefObjFQName" type="java.lang.String"><![CDATA[Session Folder.View]]></Field>
 <Field name="RefObjFQType" type="java.lang.String"><![CDATA[SNP_OBJECT.SNP_METHOD]]></Field>
 <Field name="RefObjFQNameLengths" type="java.lang.String"><![CDATA[14.4]]></Field>
</Object>
<Object class="com.sunopsis.dwg.dbobj.SnpFKXRef">
		<Field name="RefKey" type="java.lang.String"><![CDATA[SNP_METHOD.3000]]></Field>
	<Field name="RefObjGlobalId" type="java.lang.String"><![CDATA[bea3589d-4a0e-378d-8f37-6d3583b68a82]]></Field>
 <Field name="RefObjFQName" type="java.lang.String"><![CDATA[Project.View]]></Field>
 <Field name="RefObjFQType" type="java.lang.String"><![CDATA[SNP_OBJECT.SNP_METHOD]]></Field>
 <Field name="RefObjFQNameLengths" type="java.lang.String"><![CDATA[7.4]]></Field>
</Object>
<Object class="com.sunopsis.dwg.dbobj.SnpFKXRef">
		<Field name="RefKey" type="java.lang.String"><![CDATA[SNP_METHOD.3500]]></Field>
	<Field name="RefObjGlobalId" type="java.lang.String"><![CDATA[0dae88f0-aaa4-3522-b07d-f049d02e0d57]]></Field>
 <Field name="RefObjFQName" type="java.lang.String"><![CDATA[Folder.View]]></Field>
 <Field name="RefObjFQType" type="java.lang.String"><![CDATA[SNP_OBJECT.SNP_METHOD]]></Field>
 <Field name="RefObjFQNameLengths" type="java.lang.String"><![CDATA[6.4]]></Field>
</Object>
<Object class="com.sunopsis.dwg.dbobj.SnpFKXRef">
		<Field name="RefKey" type="java.lang.String"><![CDATA[SNP_METHOD.22000]]></Field>
	<Field name="RefObjGlobalId" type="java.lang.String"><![CDATA[1ecb435c-144b-307d-a6c2-bc9f04e03584]]></Field>
 <Field name="RefObjFQName" type="java.lang.String"><![CDATA[Model.View]]></Field>
 <Field name="RefObjFQType" type="java.lang.String"><![CDATA[SNP_OBJECT.SNP_METHOD]]></Field>
 <Field name="RefObjFQNameLengths" type="java.lang.String"><![CDATA[5.4]]></Field>
</Object>
<Object class="com.sunopsis.dwg.dbobj.SnpFKXRef">
		<Field name="RefKey" type="java.lang.String"><![CDATA[SNP_METHOD.22100]]></Field>
	<Field name="RefObjGlobalId" type="java.lang.String"><![CDATA[f8b3c2dc-c453-3014-853b-38afc336e166]]></Field>
 <Field name="RefObjFQName" type="java.lang.String"><![CDATA[Sub-Model.View]]></Field>
 <Field name="RefObjFQType" type="java.lang.String"><![CDATA[SNP_OBJECT.SNP_METHOD]]></Field>
 <Field name="RefObjFQNameLengths" type="java.lang.String"><![CDATA[9.4]]></Field>
</Object>
<Object class="com.sunopsis.dwg.dbobj.SnpFKXRef">
		<Field name="RefKey" type="java.lang.String"><![CDATA[SNP_METHOD.22200]]></Field>
	<Field name="RefObjGlobalId" type="java.lang.String"><![CDATA[c26a250e-0da3-310d-8f4e-67c796bba136]]></Field>
 <Field name="RefObjFQName" type="java.lang.String"><![CDATA[Datastore.View]]></Field>
 <Field name="RefObjFQType" type="java.lang.String"><![CDATA[SNP_OBJECT.SNP_METHOD]]></Field>
 <Field name="RefObjFQNameLengths" type="java.lang.String"><![CDATA[9.4]]></Field>
</Object>
<Object class="com.sunopsis.dwg.dbobj.SnpFKXRef">
		<Field name="RefKey" type="java.lang.String"><![CDATA[SNP_METHOD.22400]]></Field>
	<Field name="RefObjGlobalId" type="java.lang.String"><![CDATA[bed11c39-827e-3794-8cb5-192ce68f0220]]></Field>
 <Field name="RefObjFQName" type="java.lang.String"><![CDATA[Attribute.View]]></Field>
 <Field name="RefObjFQType" type="java.lang.String"><![CDATA[SNP_OBJECT.SNP_METHOD]]></Field>
 <Field name="RefObjFQNameLengths" type="java.lang.String"><![CDATA[9.4]]></Field>
</Object>
<Object class="com.sunopsis.dwg.dbobj.SnpFKXRef">
		<Field name="RefKey" type="java.lang.String"><![CDATA[SNP_METHOD.22500]]></Field>
	<Field name="RefObjGlobalId" type="java.lang.String"><![CDATA[2b72ab48-ae93-3b92-81de-c95bad2b19b8]]></Field>
 <Field name="RefObjFQName" type="java.lang.String"><![CDATA[Key.View]]></Field>
 <Field name="RefObjFQType" type="java.lang.String"><![CDATA[SNP_OBJECT.SNP_METHOD]]></Field>
 <Field name="RefObjFQNameLengths" type="java.lang.String"><![CDATA[3.4]]></Field>
</Object>
<Object class="com.sunopsis.dwg.dbobj.SnpFKXRef">
		<Field name="RefKey" type="java.lang.String"><![CDATA[SNP_METHOD.9900]]></Field>
	<Field name="RefObjGlobalId" type="java.lang.String"><![CDATA[0b8fc8c1-f2f0-3be2-8592-752c8b656f21]]></Field>
 <Field name="RefObjFQName" type="java.lang.String"><![CDATA[Key / Column.Edit...]]></Field>
 <Field name="RefObjFQType" type="java.lang.String"><![CDATA[SNP_OBJECT.SNP_METHOD]]></Field>
 <Field name="RefObjFQNameLengths" type="java.lang.String"><![CDATA[12.7]]></Field>
</Object>
<Object class="com.sunopsis.dwg.dbobj.SnpFKXRef">
		<Field name="RefKey" type="java.lang.String"><![CDATA[SNP_METHOD.22600]]></Field>
	<Field name="RefObjGlobalId" type="java.lang.String"><![CDATA[9b78d94c-37fb-3d4b-841c-7b2eb2cb3b5a]]></Field>
 <Field name="RefObjFQName" type="java.lang.String"><![CDATA[Reference.View]]></Field>
 <Field name="RefObjFQType" type="java.lang.String"><![CDATA[SNP_OBJECT.SNP_METHOD]]></Field>
 <Field name="RefObjFQNameLengths" type="java.lang.String"><![CDATA[9.4]]></Field>
</Object>
<Object class="com.sunopsis.dwg.dbobj.SnpFKXRef">
		<Field name="RefKey" type="java.lang.String"><![CDATA[SNP_METHOD.10100]]></Field>
	<Field name="RefObjGlobalId" type="java.lang.String"><![CDATA[6d5f3939-bb12-3ea3-91ab-9b42688001e3]]></Field>
 <Field name="RefObjFQName" type="java.lang.String"><![CDATA[Reference / Column.Edit...]]></Field>
 <Field name="RefObjFQType" type="java.lang.String"><![CDATA[SNP_OBJECT.SNP_METHOD]]></Field>
 <Field name="RefObjFQNameLengths" type="java.lang.String"><![CDATA[18.7]]></Field>
</Object>
<Object class="com.sunopsis.dwg.dbobj.SnpFKXRef">
		<Field name="RefKey" type="java.lang.String"><![CDATA[SNP_METHOD.33000]]></Field>
	<Field name="RefObjGlobalId" type="java.lang.String"><![CDATA[547dfc26-09d8-3750-b83a-75dd0d3e9645]]></Field>
 <Field name="RefObjFQName" type="java.lang.String"><![CDATA[Interface.View]]></Field>
 <Field name="RefObjFQType" type="java.lang.String"><![CDATA[SNP_OBJECT.SNP_METHOD]]></Field>
 <Field name="RefObjFQNameLengths" type="java.lang.String"><![CDATA[9.4]]></Field>
</Object>
<Object class="com.sunopsis.dwg.dbobj.SnpFKXRef">
		<Field name="RefKey" type="java.lang.String"><![CDATA[SNP_METHOD.14300]]></Field>
	<Field name="RefObjGlobalId" type="java.lang.String"><![CDATA[44b23fdf-73cb-3533-8523-9fd2b45ef4a1]]></Field>
 <Field name="RefObjFQName" type="java.lang.String"><![CDATA[Sequence.View]]></Field>
 <Field name="RefObjFQType" type="java.lang.String"><![CDATA[SNP_OBJECT.SNP_METHOD]]></Field>
 <Field name="RefObjFQNameLengths" type="java.lang.String"><![CDATA[8.4]]></Field>
</Object>
<Object class="com.sunopsis.dwg.dbobj.SnpFKXRef">
		<Field name="RefKey" type="java.lang.String"><![CDATA[SNP_METHOD.14700]]></Field>
	<Field name="RefObjGlobalId" type="java.lang.String"><![CDATA[49a66d95-895d-37aa-a02e-dc8d47e544fd]]></Field>
 <Field name="RefObjFQName" type="java.lang.String"><![CDATA[Variable.View]]></Field>
 <Field name="RefObjFQType" type="java.lang.String"><![CDATA[SNP_OBJECT.SNP_METHOD]]></Field>
 <Field name="RefObjFQNameLengths" type="java.lang.String"><![CDATA[8.4]]></Field>
</Object>
<Object class="com.sunopsis.dwg.dbobj.SnpFKXRef">
		<Field name="RefKey" type="java.lang.String"><![CDATA[SNP_METHOD.16200]]></Field>
	<Field name="RefObjGlobalId" type="java.lang.String"><![CDATA[35171270-020b-3f72-b908-254c8dcd852c]]></Field>
 <Field name="RefObjFQName" type="java.lang.String"><![CDATA[Procedure.View]]></Field>
 <Field name="RefObjFQType" type="java.lang.String"><![CDATA[SNP_OBJECT.SNP_METHOD]]></Field>
 <Field name="RefObjFQNameLengths" type="java.lang.String"><![CDATA[9.4]]></Field>
</Object>
<Object class="com.sunopsis.dwg.dbobj.SnpFKXRef">
		<Field name="RefKey" type="java.lang.String"><![CDATA[SNP_METHOD.16600]]></Field>
	<Field name="RefObjGlobalId" type="java.lang.String"><![CDATA[bb0534f9-26b6-308b-8aaa-c1ad3c844ff9]]></Field>
 <Field name="RefObjFQName" type="java.lang.String"><![CDATA[Option.View]]></Field>
 <Field name="RefObjFQType" type="java.lang.String"><![CDATA[SNP_OBJECT.SNP_METHOD]]></Field>
 <Field name="RefObjFQNameLengths" type="java.lang.String"><![CDATA[6.4]]></Field>
</Object>
<Object class="com.sunopsis.dwg.dbobj.SnpFKXRef">
		<Field name="RefKey" type="java.lang.String"><![CDATA[SNP_METHOD.34000]]></Field>
	<Field name="RefObjGlobalId" type="java.lang.String"><![CDATA[28ecd6d2-0212-318c-8e4c-0d85658aee50]]></Field>
 <Field name="RefObjFQName" type="java.lang.String"><![CDATA[Cross References.View]]></Field>
 <Field name="RefObjFQType" type="java.lang.String"><![CDATA[SNP_OBJECT.SNP_METHOD]]></Field>
 <Field name="RefObjFQNameLengths" type="java.lang.String"><![CDATA[16.4]]></Field>
</Object>
<Object class="com.sunopsis.dwg.dbobj.SnpFKXRef">
		<Field name="RefKey" type="java.lang.String"><![CDATA[SNP_METHOD.36700]]></Field>
	<Field name="RefObjGlobalId" type="java.lang.String"><![CDATA[c997b558-f4a0-38f2-9bd0-e0cdfc7e21a1]]></Field>
 <Field name="RefObjFQName" type="java.lang.String"><![CDATA[User Function.View]]></Field>
 <Field name="RefObjFQType" type="java.lang.String"><![CDATA[SNP_OBJECT.SNP_METHOD]]></Field>
 <Field name="RefObjFQNameLengths" type="java.lang.String"><![CDATA[13.4]]></Field>
</Object>
<Object class="com.sunopsis.dwg.dbobj.SnpFKXRef">
		<Field name="RefKey" type="java.lang.String"><![CDATA[SNP_METHOD.700]]></Field>
	<Field name="RefObjGlobalId" type="java.lang.String"><![CDATA[25f76edb-957d-3cc0-ac93-24a4487a2fa3]]></Field>
 <Field name="RefObjFQName" type="java.lang.String"><![CDATA[Profile.View]]></Field>
 <Field name="RefObjFQType" type="java.lang.String"><![CDATA[SNP_OBJECT.SNP_METHOD]]></Field>
 <Field name="RefObjFQNameLengths" type="java.lang.String"><![CDATA[7.4]]></Field>
</Object>
<Object class="com.sunopsis.dwg.dbobj.SnpFKXRef">
		<Field name="RefKey" type="java.lang.String"><![CDATA[SNP_METHOD.1900]]></Field>
	<Field name="RefObjGlobalId" type="java.lang.String"><![CDATA[ca3dd193-0920-383b-a1cc-bf1f93d26b42]]></Field>
 <Field name="RefObjFQName" type="java.lang.String"><![CDATA[Profiles / Methods.View]]></Field>
 <Field name="RefObjFQType" type="java.lang.String"><![CDATA[SNP_OBJECT.SNP_METHOD]]></Field>
 <Field name="RefObjFQNameLengths" type="java.lang.String"><![CDATA[18.4]]></Field>
</Object>
<Object class="com.sunopsis.dwg.dbobj.SnpFKXRef">
		<Field name="RefKey" type="java.lang.String"><![CDATA[SNP_METHOD.18900]]></Field>
	<Field name="RefObjGlobalId" type="java.lang.String"><![CDATA[6ec957d3-c33f-3f6b-b5df-7e8422690d35]]></Field>
 <Field name="RefObjFQName" type="java.lang.String"><![CDATA[Scheduling.View]]></Field>
 <Field name="RefObjFQType" type="java.lang.String"><![CDATA[SNP_OBJECT.SNP_METHOD]]></Field>
 <Field name="RefObjFQNameLengths" type="java.lang.String"><![CDATA[10.4]]></Field>
</Object>
<Object class="com.sunopsis.dwg.dbobj.SnpFKXRef">
		<Field name="RefKey" type="java.lang.String"><![CDATA[SNP_METHOD.38700]]></Field>
	<Field name="RefObjGlobalId" type="java.lang.String"><![CDATA[58cae973-0e5a-3a1a-8160-12043693e557]]></Field>
 <Field name="RefObjFQName" type="java.lang.String"><![CDATA[Session Variable.View]]></Field>
 <Field name="RefObjFQType" type="java.lang.String"><![CDATA[SNP_OBJECT.SNP_METHOD]]></Field>
 <Field name="RefObjFQNameLengths" type="java.lang.String"><![CDATA[16.4]]></Field>
</Object>
<Object class="com.sunopsis.dwg.dbobj.SnpFKXRef">
		<Field name="RefKey" type="java.lang.String"><![CDATA[SNP_METHOD.22300]]></Field>
	<Field name="RefObjGlobalId" type="java.lang.String"><![CDATA[321b6d6b-c075-3cc6-86b3-c877e43725b0]]></Field>
 <Field name="RefObjFQName" type="java.lang.String"><![CDATA[Condition.View]]></Field>
 <Field name="RefObjFQType" type="java.lang.String"><![CDATA[SNP_OBJECT.SNP_METHOD]]></Field>
 <Field name="RefObjFQNameLengths" type="java.lang.String"><![CDATA[9.4]]></Field>
</Object>
<Object class="com.sunopsis.dwg.dbobj.SnpFKXRef">
		<Field name="RefKey" type="java.lang.String"><![CDATA[SNP_METHOD.13600]]></Field>
	<Field name="RefObjGlobalId" type="java.lang.String"><![CDATA[9f7f7424-eb20-35a4-921c-88c76689c603]]></Field>
 <Field name="RefObjFQName" type="java.lang.String"><![CDATA[Package.View]]></Field>
 <Field name="RefObjFQType" type="java.lang.String"><![CDATA[SNP_OBJECT.SNP_METHOD]]></Field>
 <Field name="RefObjFQNameLengths" type="java.lang.String"><![CDATA[7.4]]></Field>
</Object>
<Object class="com.sunopsis.dwg.dbobj.SnpFKXRef">
		<Field name="RefKey" type="java.lang.String"><![CDATA[SNP_METHOD.17700]]></Field>
	<Field name="RefObjGlobalId" type="java.lang.String"><![CDATA[e30480c1-b04e-388e-ba0b-8a64470bab70]]></Field>
 <Field name="RefObjFQName" type="java.lang.String"><![CDATA[Procedure Command.View]]></Field>
 <Field name="RefObjFQType" type="java.lang.String"><![CDATA[SNP_OBJECT.SNP_METHOD]]></Field>
 <Field name="RefObjFQNameLengths" type="java.lang.String"><![CDATA[17.4]]></Field>
</Object>
<Object class="com.sunopsis.dwg.dbobj.SnpFKXRef">
		<Field name="RefKey" type="java.lang.String"><![CDATA[SNP_METHOD.50500]]></Field>
	<Field name="RefObjGlobalId" type="java.lang.String"><![CDATA[39c45849-0f28-3b71-b725-52d4f9cd212f]]></Field>
 <Field name="RefObjFQName" type="java.lang.String"><![CDATA[Action Line.View]]></Field>
 <Field name="RefObjFQType" type="java.lang.String"><![CDATA[SNP_OBJECT.SNP_METHOD]]></Field>
 <Field name="RefObjFQNameLengths" type="java.lang.String"><![CDATA[11.4]]></Field>
</Object>
<Object class="com.sunopsis.dwg.dbobj.SnpFKXRef">
		<Field name="RefKey" type="java.lang.String"><![CDATA[SNP_METHOD.47300]]></Field>
	<Field name="RefObjGlobalId" type="java.lang.String"><![CDATA[ee1dbd20-1cf9-3d9b-ba2f-f1c38b115393]]></Field>
 <Field name="RefObjFQName" type="java.lang.String"><![CDATA[Action Group.View]]></Field>
 <Field name="RefObjFQType" type="java.lang.String"><![CDATA[SNP_OBJECT.SNP_METHOD]]></Field>
 <Field name="RefObjFQNameLengths" type="java.lang.String"><![CDATA[12.4]]></Field>
</Object>
<Object class="com.sunopsis.dwg.dbobj.SnpFKXRef">
		<Field name="RefKey" type="java.lang.String"><![CDATA[SNP_METHOD.47800]]></Field>
	<Field name="RefObjGlobalId" type="java.lang.String"><![CDATA[43c56654-2f12-3349-844a-af65fe393561]]></Field>
 <Field name="RefObjFQName" type="java.lang.String"><![CDATA[Action.View]]></Field>
 <Field name="RefObjFQType" type="java.lang.String"><![CDATA[SNP_OBJECT.SNP_METHOD]]></Field>
 <Field name="RefObjFQNameLengths" type="java.lang.String"><![CDATA[6.4]]></Field>
</Object>
<Object class="com.sunopsis.dwg.dbobj.SnpFKXRef">
		<Field name="RefKey" type="java.lang.String"><![CDATA[SNP_METHOD.60100]]></Field>
	<Field name="RefObjGlobalId" type="java.lang.String"><![CDATA[65b97ecb-c3d9-3ddb-8cf8-83d221a49253]]></Field>
 <Field name="RefObjFQName" type="java.lang.String"><![CDATA[Load Plan.View]]></Field>
 <Field name="RefObjFQType" type="java.lang.String"><![CDATA[SNP_OBJECT.SNP_METHOD]]></Field>
 <Field name="RefObjFQNameLengths" type="java.lang.String"><![CDATA[9.4]]></Field>
</Object>
<Object class="com.sunopsis.dwg.dbobj.SnpFKXRef">
		<Field name="RefKey" type="java.lang.String"><![CDATA[SNP_METHOD.61000]]></Field>
	<Field name="RefObjGlobalId" type="java.lang.String"><![CDATA[cced951e-6f66-3cf2-abda-643863ee8e5c]]></Field>
 <Field name="RefObjFQName" type="java.lang.String"><![CDATA[Load Plan Instance Run.View]]></Field>
 <Field name="RefObjFQType" type="java.lang.String"><![CDATA[SNP_OBJECT.SNP_METHOD]]></Field>
 <Field name="RefObjFQNameLengths" type="java.lang.String"><![CDATA[22.4]]></Field>
</Object>
<Object class="com.sunopsis.dwg.dbobj.SnpFKXRef">
		<Field name="RefKey" type="java.lang.String"><![CDATA[SNP_METHOD.58500]]></Field>
	<Field name="RefObjGlobalId" type="java.lang.String"><![CDATA[012f2e84-0adf-3929-b6db-deeacca47b9a]]></Field>
 <Field name="RefObjFQName" type="java.lang.String"><![CDATA[Index Type.View]]></Field>
 <Field name="RefObjFQType" type="java.lang.String"><![CDATA[SNP_OBJECT.SNP_METHOD]]></Field>
 <Field name="RefObjFQNameLengths" type="java.lang.String"><![CDATA[10.4]]></Field>
</Object>
<Object class="com.sunopsis.dwg.dbobj.SnpFKXRef">
		<Field name="RefKey" type="java.lang.String"><![CDATA[SNP_METHOD.39300]]></Field>
	<Field name="RefObjGlobalId" type="java.lang.String"><![CDATA[8a14dd3b-07d9-3989-8fe4-5e17f74d146b]]></Field>
 <Field name="RefObjFQName" type="java.lang.String"><![CDATA[Diagram.View]]></Field>
 <Field name="RefObjFQType" type="java.lang.String"><![CDATA[SNP_OBJECT.SNP_METHOD]]></Field>
 <Field name="RefObjFQNameLengths" type="java.lang.String"><![CDATA[7.4]]></Field>
</Object>
<Object class="com.sunopsis.dwg.dbobj.SnpFKXRef">
		<Field name="RefKey" type="java.lang.String"><![CDATA[SNP_METHOD.41400]]></Field>
	<Field name="RefObjGlobalId" type="java.lang.String"><![CDATA[6e54b884-e04f-326e-b1f1-f23bf5506c0c]]></Field>
 <Field name="RefObjFQName" type="java.lang.String"><![CDATA[Label.View]]></Field>
 <Field name="RefObjFQType" type="java.lang.String"><![CDATA[SNP_OBJECT.SNP_METHOD]]></Field>
 <Field name="RefObjFQNameLengths" type="java.lang.String"><![CDATA[5.4]]></Field>
</Object>
<Object class="com.sunopsis.dwg.dbobj.SnpFKXRef">
		<Field name="RefKey" type="java.lang.String"><![CDATA[SNP_METHOD.53500]]></Field>
	<Field name="RefObjGlobalId" type="java.lang.String"><![CDATA[d992971a-0257-311a-bd71-335ff9fc4528]]></Field>
 <Field name="RefObjFQName" type="java.lang.String"><![CDATA[Version.View]]></Field>
 <Field name="RefObjFQType" type="java.lang.String"><![CDATA[SNP_OBJECT.SNP_METHOD]]></Field>
 <Field name="RefObjFQNameLengths" type="java.lang.String"><![CDATA[7.4]]></Field>
</Object>
<Object class="com.sunopsis.dwg.dbobj.SnpFKXRef">
		<Field name="RefKey" type="java.lang.String"><![CDATA[SNP_METHOD.54300]]></Field>
	<Field name="RefObjGlobalId" type="java.lang.String"><![CDATA[9c66fec2-36e3-3759-ba2f-f7fd1bb1d7e9]]></Field>
 <Field name="RefObjFQName" type="java.lang.String"><![CDATA[Load Plan and Scenario Folder.View]]></Field>
 <Field name="RefObjFQType" type="java.lang.String"><![CDATA[SNP_OBJECT.SNP_METHOD]]></Field>
 <Field name="RefObjFQNameLengths" type="java.lang.String"><![CDATA[29.4]]></Field>
</Object>
<Object class="com.sunopsis.dwg.dbobj.SnpFKXRef">
		<Field name="RefKey" type="java.lang.String"><![CDATA[SNP_METHOD.29900]]></Field>
	<Field name="RefObjGlobalId" type="java.lang.String"><![CDATA[aed07521-414f-3041-bd86-e673132dcadc]]></Field>
 <Field name="RefObjFQName" type="java.lang.String"><![CDATA[Scenario Report.Edit...]]></Field>
 <Field name="RefObjFQType" type="java.lang.String"><![CDATA[SNP_OBJECT.SNP_METHOD]]></Field>
 <Field name="RefObjFQNameLengths" type="java.lang.String"><![CDATA[15.7]]></Field>
</Object>
<Object class="com.sunopsis.dwg.dbobj.SnpFKXRef">
		<Field name="RefKey" type="java.lang.String"><![CDATA[SNP_METHOD.52800]]></Field>
	<Field name="RefObjGlobalId" type="java.lang.String"><![CDATA[776fe6c9-6c28-3891-a152-ade0cf9cd590]]></Field>
 <Field name="RefObjFQName" type="java.lang.String"><![CDATA[Step Report.Edit...]]></Field>
 <Field name="RefObjFQType" type="java.lang.String"><![CDATA[SNP_OBJECT.SNP_METHOD]]></Field>
 <Field name="RefObjFQNameLengths" type="java.lang.String"><![CDATA[11.7]]></Field>
</Object>
<Object class="com.sunopsis.dwg.dbobj.SnpFKXRef">
		<Field name="RefKey" type="java.lang.String"><![CDATA[SNP_METHOD.62400]]></Field>
	<Field name="RefObjGlobalId" type="java.lang.String"><![CDATA[2198cb76-9433-4d57-b6bf-8e84f99bd1fa]]></Field>
 <Field name="RefObjFQName" type="java.lang.String"><![CDATA[Mapping.View]]></Field>
 <Field name="RefObjFQType" type="java.lang.String"><![CDATA[SNP_OBJECT.SNP_METHOD]]></Field>
 <Field name="RefObjFQNameLengths" type="java.lang.String"><![CDATA[7.4]]></Field>
</Object>
<Object class="com.sunopsis.dwg.dbobj.SnpFKXRef">
		<Field name="RefKey" type="java.lang.String"><![CDATA[SNP_METHOD.115800]]></Field>
	<Field name="RefObjGlobalId" type="java.lang.String"><![CDATA[192b6ceb-0d9a-4867-be26-df9d5bf8503f]]></Field>
 <Field name="RefObjFQName" type="java.lang.String"><![CDATA[Dimension.View]]></Field>
 <Field name="RefObjFQType" type="java.lang.String"><![CDATA[SNP_OBJECT.SNP_METHOD]]></Field>
 <Field name="RefObjFQNameLengths" type="java.lang.String"><![CDATA[9.4]]></Field>
</Object>
<Object class="com.sunopsis.dwg.dbobj.SnpFKXRef">
		<Field name="RefKey" type="java.lang.String"><![CDATA[SNP_METHOD.115900]]></Field>
	<Field name="RefObjGlobalId" type="java.lang.String"><![CDATA[26d9a29e-2aed-4899-8632-1f56a0d52fdc]]></Field>
 <Field name="RefObjFQName" type="java.lang.String"><![CDATA[Cube.View]]></Field>
 <Field name="RefObjFQType" type="java.lang.String"><![CDATA[SNP_OBJECT.SNP_METHOD]]></Field>
 <Field name="RefObjFQNameLengths" type="java.lang.String"><![CDATA[4.4]]></Field>
</Object>
<Object class="com.sunopsis.dwg.dbobj.SnpFKXRef">
		<Field name="RefKey" type="java.lang.String"><![CDATA[SNP_METHOD.115700]]></Field>
	<Field name="RefObjGlobalId" type="java.lang.String"><![CDATA[0b58aecc-6362-4e99-90f2-52379356edd8]]></Field>
 <Field name="RefObjFQName" type="java.lang.String"><![CDATA[Dimensional Model.View]]></Field>
 <Field name="RefObjFQType" type="java.lang.String"><![CDATA[SNP_OBJECT.SNP_METHOD]]></Field>
 <Field name="RefObjFQNameLengths" type="java.lang.String"><![CDATA[17.4]]></Field>
</Object>
<Object class="com.sunopsis.dwg.DwgExportSummary">
		<Field name="ExpTxtNb" type="com.sunopsis.sql.DbInt"><![CDATA[0]]></Field>
	<Field name="InstObjNb" type="com.sunopsis.sql.DbInt"><![CDATA[0]]></Field>
	<Field name="JoinColNb" type="com.sunopsis.sql.DbInt"><![CDATA[0]]></Field>
	<Field name="JoinNb" type="com.sunopsis.sql.DbInt"><![CDATA[0]]></Field>
	<Field name="KeyColNb" type="com.sunopsis.sql.DbInt"><![CDATA[0]]></Field>
	<Field name="KeyNb" type="com.sunopsis.sql.DbInt"><![CDATA[0]]></Field>
	<Field name="LinkDiagNb" type="com.sunopsis.sql.DbInt"><![CDATA[0]]></Field>
	<Field name="MorigTxtNb" type="com.sunopsis.sql.DbInt"><![CDATA[0]]></Field>
	<Field name="MtxtNb" type="com.sunopsis.sql.DbInt"><![CDATA[0]]></Field>
	<Field name="OrigTxtNb" type="com.sunopsis.sql.DbInt"><![CDATA[0]]></Field>
	<Field name="OtherObjectsNb" type="com.sunopsis.sql.DbInt"><![CDATA[57]]></Field>
	<Field name="PlanAgentNb" type="com.sunopsis.sql.DbInt"><![CDATA[0]]></Field>
	<Field name="StepNb" type="com.sunopsis.sql.DbInt"><![CDATA[0]]></Field>
	<Field name="TxtNb" type="com.sunopsis.sql.DbInt"><![CDATA[0]]></Field>
	<Field name="UeOrigNb" type="com.sunopsis.sql.DbInt"><![CDATA[0]]></Field>
	<Field name="UeUsedNb" type="com.sunopsis.sql.DbInt"><![CDATA[0]]></Field>
	<Field name="VarPlanAgentNb" type="com.sunopsis.sql.DbInt"><![CDATA[0]]></Field>
	<Field name="ScenTxtNb" type="com.sunopsis.sql.DbInt"><![CDATA[0]]></Field>
	<Field name="OdiVersion" type="java.lang.String"><![CDATA[12.2.1]]></Field>
	<Field name="OriginRepositoryID" type="com.sunopsis.sql.DbInt"><![CDATA[0]]></Field>
	<Field name="RepositoryVersion" type="java.lang.String"><![CDATA[05.02.02.04]]></Field>
</Object>
</SunopsisExport>
