<?xml version="1.0" encoding="UTF-8"?>
<OdiDeploymentArchive>
   <Name>EXEC_Testpatch</Name>
   <DeploymentArchiveType>PATCH</DeploymentArchiveType>
   <SourceType>ODI</SourceType>
   <SourceInfo>Master:{dburl=jdbc:oracle:thin:@odblt08:1521/odilt01; dbuser=DEV_ODI_REPO}; Work:{name=WORKREP}</SourceInfo>
   <GlobalId>db08fc91-9b13-4e28-8a52-ee4e6a809420</GlobalId>
   <CreatedDate>2021-02-05T10:03:57.445-06:00</CreatedDate>
   <CreatedBy>SUPERVISOR</CreatedBy>
   <ObjectsToUpdate>
      <Object class="oracle.odi.domain.runtime.scenario.OdiScenario" globalId="7c3fa951-8c3b-4cf9-9a94-cdd28f1a541a" name="MYPACKAGE1 Version 001" path="/Work Repository/Projects/Erick/Folder1/Packages/Scenarios"/>
   </ObjectsToUpdate>
   <ObjectsToDelete/>
</OdiDeploymentArchive>
