<?xml version="1.0" encoding="UTF-8"?>
<OdiDeploymentArchive>
   <Name>PatchMyPackage2</Name>
   <DeploymentArchiveType>PATCH</DeploymentArchiveType>
   <SourceType>ODI</SourceType>
   <SourceInfo>Master:{dburl=jdbc:oracle:thin:@odblt08:1521/odilt01; dbuser=DEV_ODI_REPO}; Work:{name=WORKREP}</SourceInfo>
   <GlobalId>a18139b2-8641-4a68-bd14-18eae560b3e3</GlobalId>
   <CreatedDate>2021-02-05T04:20:07.512-06:00</CreatedDate>
   <CreatedBy>SUPERVISOR</CreatedBy>
   <ObjectsToUpdate>
      <Object class="oracle.odi.domain.project.OdiPackage" globalId="7754522d-b24d-4e2e-9491-23d1969637f0" name="MyPackage2" path="/Work Repository/Projects/Erick/Folder1/Packages"/>
      <Object class="oracle.odi.domain.project.OdiFolder" globalId="df7292b4-b77d-4a4d-a9ff-46bce269aea2" name="Folder1" path="/Work Repository/Projects/Erick/Folder1"/>
      <Object class="oracle.odi.domain.project.OdiProject" globalId="a72365ca-8ace-45eb-a9b7-686e71e92fb3" name="Erick" path="/Work Repository/Projects/Erick"/>
      <Object class="oracle.odi.domain.runtime.scenario.OdiScenario" globalId="e6cd591a-41e8-41f8-a7aa-c695845e5755" name="MYPACKAGE2" path="/Work Repository/Projects/Erick/Folder1/Packages/Scenarios"/>
      <Object class="oracle.odi.domain.runtime.scenario.OdiScenarioFolder" globalId="a430be00-c449-432b-a04f-f86de2c8ba6a" name="Folder15" path="/Work Repository/Load Plans and Scenarios/Folder15"/>
      <Object class="oracle.odi.domain.marker.OdiMarkerGroup" globalId="637e41f4-924e-40c9-a83f-61adf95d502a" name="FLEXDEPLOY" path="/Work Repository/Projects/Erick/Markers"/>
   </ObjectsToUpdate>
   <ObjectsToDelete/>
</OdiDeploymentArchive>
