<?xml version="1.0" encoding="UTF-8"?>
<OdiDeploymentArchive>
   <Name>EXEC_InitProjInitialArchive</Name>
   <DeploymentArchiveType>INITIAL</DeploymentArchiveType>
   <SourceType>ODI</SourceType>
   <SourceInfo>Master:{dburl=jdbc:oracle:thin:@odblt08:1521/odilt01; dbuser=DEV_ODI_REPO}; Work:{name=WORKREP}</SourceInfo>
   <GlobalId>e9f77420-5bf7-4f4c-b349-20116b59ea93</GlobalId>
   <CreatedDate>2021-02-04T04:00:24.553-06:00</CreatedDate>
   <CreatedBy>SUPERVISOR</CreatedBy>
   <ObjectsToUpdate/>
   <ObjectsToDelete/>
</OdiDeploymentArchive>
