<?xml version="1.0" encoding="UTF-8"?>
<SunopsisExport>
<Admin RepositoryVersion="05.02.02.04" IsLegacyIdCompatible="false" />
<Encryption algorithm="AES" keyLength="128" exportKeyHash="GChFOy5pDmfal7VV/kZCnG3v/NWMAkmKdxK3ipJZdbA=" keyVect="99HxAvtf+LFGe/0WVFWkRg==" exportKeySalt="61133a87-9f55-4ce4-b9fa-452c8ff35338" containsCipherText="false"/>
<Object class="com.sunopsis.dwg.dbobj.SnpProfile">
		<Field name="ExtVersion" type="java.lang.String">null</Field>
	<Field name="FirstDate" type="java.sql.Timestamp"><![CDATA[2016-10-28 12:43:09.0]]></Field>
	<Field name="FirstUser" type="java.lang.String"><![CDATA[SUNOPSIS_INSTALL]]></Field>
	<Field name="GlobalId" type="java.lang.String"><![CDATA[ebf1e21b-76d0-3e6e-8d72-a83c03e333ca]]></Field>
	<Field name="IndChange" type="java.lang.String"><![CDATA[I]]></Field>
	<Field name="IProf" type="com.sunopsis.sql.DbInt"><![CDATA[14]]></Field>
	<Field name="LastDate" type="java.sql.Timestamp"><![CDATA[2016-10-28 12:43:09.0]]></Field>
	<Field name="LastUser" type="java.lang.String"><![CDATA[SUNOPSIS_INSTALL]]></Field>
	<Field name="ProfName" type="java.lang.String"><![CDATA[OPERATOR]]></Field>
</Object>
<Object class="com.sunopsis.dwg.dbobj.SnpProfMeth">
		<Field name="FirstDate" type="java.sql.Timestamp"><![CDATA[2016-10-28 12:43:09.0]]></Field>
	<Field name="FirstUser" type="java.lang.String"><![CDATA[SUNOPSIS_INSTALL]]></Field>
	<Field name="GenericPriv" type="java.lang.String"><![CDATA[1]]></Field>
	<Field name="GlobalId" type="java.lang.String"><![CDATA[7e95eda6-80f6-3a51-819d-fa5bea7b0bae]]></Field>
	<Field name="IMeth" type="com.sunopsis.sql.DbInt"><![CDATA[34200]]></Field>
	<Field name="IProf" type="com.sunopsis.sql.DbInt"><![CDATA[14]]></Field>
	<Field name="LastDate" type="java.sql.Timestamp"><![CDATA[2016-10-28 12:43:09.0]]></Field>
	<Field name="LastUser" type="java.lang.String"><![CDATA[SUNOPSIS_INSTALL]]></Field>
</Object>
<Object class="com.sunopsis.dwg.dbobj.SnpProfMeth">
		<Field name="FirstDate" type="java.sql.Timestamp"><![CDATA[2016-10-28 12:43:09.0]]></Field>
	<Field name="FirstUser" type="java.lang.String"><![CDATA[SUNOPSIS_INSTALL]]></Field>
	<Field name="GenericPriv" type="java.lang.String"><![CDATA[1]]></Field>
	<Field name="GlobalId" type="java.lang.String"><![CDATA[24cefe48-8128-389a-8586-fa45f041cf3d]]></Field>
	<Field name="IMeth" type="com.sunopsis.sql.DbInt"><![CDATA[18100]]></Field>
	<Field name="IProf" type="com.sunopsis.sql.DbInt"><![CDATA[14]]></Field>
	<Field name="LastDate" type="java.sql.Timestamp"><![CDATA[2016-10-28 12:43:09.0]]></Field>
	<Field name="LastUser" type="java.lang.String"><![CDATA[SUNOPSIS_INSTALL]]></Field>
</Object>
<Object class="com.sunopsis.dwg.dbobj.SnpProfMeth">
		<Field name="FirstDate" type="java.sql.Timestamp"><![CDATA[2016-10-28 12:43:09.0]]></Field>
	<Field name="FirstUser" type="java.lang.String"><![CDATA[SUNOPSIS_INSTALL]]></Field>
	<Field name="GenericPriv" type="java.lang.String"><![CDATA[1]]></Field>
	<Field name="GlobalId" type="java.lang.String"><![CDATA[fdc7863f-9986-39ae-b05c-a9168c59d14b]]></Field>
	<Field name="IMeth" type="com.sunopsis.sql.DbInt"><![CDATA[31700]]></Field>
	<Field name="IProf" type="com.sunopsis.sql.DbInt"><![CDATA[14]]></Field>
	<Field name="LastDate" type="java.sql.Timestamp"><![CDATA[2016-10-28 12:43:09.0]]></Field>
	<Field name="LastUser" type="java.lang.String"><![CDATA[SUNOPSIS_INSTALL]]></Field>
</Object>
<Object class="com.sunopsis.dwg.dbobj.SnpProfMeth">
		<Field name="FirstDate" type="java.sql.Timestamp"><![CDATA[2016-10-28 12:43:09.0]]></Field>
	<Field name="FirstUser" type="java.lang.String"><![CDATA[SUNOPSIS_INSTALL]]></Field>
	<Field name="GenericPriv" type="java.lang.String"><![CDATA[1]]></Field>
	<Field name="GlobalId" type="java.lang.String"><![CDATA[8764a8c8-04ee-3481-a6f0-dc564c3498f8]]></Field>
	<Field name="IMeth" type="com.sunopsis.sql.DbInt"><![CDATA[32100]]></Field>
	<Field name="IProf" type="com.sunopsis.sql.DbInt"><![CDATA[14]]></Field>
	<Field name="LastDate" type="java.sql.Timestamp"><![CDATA[2016-10-28 12:43:09.0]]></Field>
	<Field name="LastUser" type="java.lang.String"><![CDATA[SUNOPSIS_INSTALL]]></Field>
</Object>
<Object class="com.sunopsis.dwg.dbobj.SnpProfMeth">
		<Field name="FirstDate" type="java.sql.Timestamp"><![CDATA[2016-10-28 12:43:09.0]]></Field>
	<Field name="FirstUser" type="java.lang.String"><![CDATA[SUNOPSIS_INSTALL]]></Field>
	<Field name="GenericPriv" type="java.lang.String"><![CDATA[1]]></Field>
	<Field name="GlobalId" type="java.lang.String"><![CDATA[66d8e9d7-d120-3120-8581-082d39778ac1]]></Field>
	<Field name="IMeth" type="com.sunopsis.sql.DbInt"><![CDATA[32700]]></Field>
	<Field name="IProf" type="com.sunopsis.sql.DbInt"><![CDATA[14]]></Field>
	<Field name="LastDate" type="java.sql.Timestamp"><![CDATA[2016-10-28 12:43:09.0]]></Field>
	<Field name="LastUser" type="java.lang.String"><![CDATA[SUNOPSIS_INSTALL]]></Field>
</Object>
<Object class="com.sunopsis.dwg.dbobj.SnpProfMeth">
		<Field name="FirstDate" type="java.sql.Timestamp"><![CDATA[2016-10-28 12:43:09.0]]></Field>
	<Field name="FirstUser" type="java.lang.String"><![CDATA[SUNOPSIS_INSTALL]]></Field>
	<Field name="GenericPriv" type="java.lang.String"><![CDATA[1]]></Field>
	<Field name="GlobalId" type="java.lang.String"><![CDATA[cc733c16-5af1-3842-899c-7e9ff9516d55]]></Field>
	<Field name="IMeth" type="com.sunopsis.sql.DbInt"><![CDATA[40000]]></Field>
	<Field name="IProf" type="com.sunopsis.sql.DbInt"><![CDATA[14]]></Field>
	<Field name="LastDate" type="java.sql.Timestamp"><![CDATA[2016-10-28 12:43:09.0]]></Field>
	<Field name="LastUser" type="java.lang.String"><![CDATA[SUNOPSIS_INSTALL]]></Field>
</Object>
<Object class="com.sunopsis.dwg.dbobj.SnpProfMeth">
		<Field name="FirstDate" type="java.sql.Timestamp"><![CDATA[2016-10-28 12:43:09.0]]></Field>
	<Field name="FirstUser" type="java.lang.String"><![CDATA[SUNOPSIS_INSTALL]]></Field>
	<Field name="GenericPriv" type="java.lang.String"><![CDATA[1]]></Field>
	<Field name="GlobalId" type="java.lang.String"><![CDATA[72d986d9-dd96-36d3-9c29-1a5903a64e3f]]></Field>
	<Field name="IMeth" type="com.sunopsis.sql.DbInt"><![CDATA[50100]]></Field>
	<Field name="IProf" type="com.sunopsis.sql.DbInt"><![CDATA[14]]></Field>
	<Field name="LastDate" type="java.sql.Timestamp"><![CDATA[2016-10-28 12:43:09.0]]></Field>
	<Field name="LastUser" type="java.lang.String"><![CDATA[SUNOPSIS_INSTALL]]></Field>
</Object>
<Object class="com.sunopsis.dwg.dbobj.SnpProfMeth">
		<Field name="FirstDate" type="java.sql.Timestamp"><![CDATA[2016-10-28 12:43:09.0]]></Field>
	<Field name="FirstUser" type="java.lang.String"><![CDATA[SUNOPSIS_INSTALL]]></Field>
	<Field name="GenericPriv" type="java.lang.String"><![CDATA[1]]></Field>
	<Field name="GlobalId" type="java.lang.String"><![CDATA[ebef10c7-87bc-3c87-b4a0-7bacaaaebee7]]></Field>
	<Field name="IMeth" type="com.sunopsis.sql.DbInt"><![CDATA[50000]]></Field>
	<Field name="IProf" type="com.sunopsis.sql.DbInt"><![CDATA[14]]></Field>
	<Field name="LastDate" type="java.sql.Timestamp"><![CDATA[2016-10-28 12:43:09.0]]></Field>
	<Field name="LastUser" type="java.lang.String"><![CDATA[SUNOPSIS_INSTALL]]></Field>
</Object>
<Object class="com.sunopsis.dwg.dbobj.SnpProfMeth">
		<Field name="FirstDate" type="java.sql.Timestamp"><![CDATA[2016-10-28 12:43:09.0]]></Field>
	<Field name="FirstUser" type="java.lang.String"><![CDATA[SUNOPSIS_INSTALL]]></Field>
	<Field name="GenericPriv" type="java.lang.String"><![CDATA[1]]></Field>
	<Field name="GlobalId" type="java.lang.String"><![CDATA[4b9b3f43-00ce-3e6f-9792-4cc816dd4751]]></Field>
	<Field name="IMeth" type="com.sunopsis.sql.DbInt"><![CDATA[61600]]></Field>
	<Field name="IProf" type="com.sunopsis.sql.DbInt"><![CDATA[14]]></Field>
	<Field name="LastDate" type="java.sql.Timestamp"><![CDATA[2016-10-28 12:43:09.0]]></Field>
	<Field name="LastUser" type="java.lang.String"><![CDATA[SUNOPSIS_INSTALL]]></Field>
</Object>
<Object class="com.sunopsis.dwg.dbobj.SnpProfMeth">
		<Field name="FirstDate" type="java.sql.Timestamp"><![CDATA[2016-10-28 12:43:09.0]]></Field>
	<Field name="FirstUser" type="java.lang.String"><![CDATA[SUNOPSIS_INSTALL]]></Field>
	<Field name="GenericPriv" type="java.lang.String"><![CDATA[1]]></Field>
	<Field name="GlobalId" type="java.lang.String"><![CDATA[78ce718b-e3ac-33bc-b8a5-d16c749699c6]]></Field>
	<Field name="IMeth" type="com.sunopsis.sql.DbInt"><![CDATA[60000]]></Field>
	<Field name="IProf" type="com.sunopsis.sql.DbInt"><![CDATA[14]]></Field>
	<Field name="LastDate" type="java.sql.Timestamp"><![CDATA[2016-10-28 12:43:09.0]]></Field>
	<Field name="LastUser" type="java.lang.String"><![CDATA[SUNOPSIS_INSTALL]]></Field>
</Object>
<Object class="com.sunopsis.dwg.dbobj.SnpProfMeth">
		<Field name="FirstDate" type="java.sql.Timestamp"><![CDATA[2016-10-28 12:43:09.0]]></Field>
	<Field name="FirstUser" type="java.lang.String"><![CDATA[SUNOPSIS_INSTALL]]></Field>
	<Field name="GenericPriv" type="java.lang.String"><![CDATA[1]]></Field>
	<Field name="GlobalId" type="java.lang.String"><![CDATA[e89710b0-256a-3f8c-9f64-e3653e915831]]></Field>
	<Field name="IMeth" type="com.sunopsis.sql.DbInt"><![CDATA[60100]]></Field>
	<Field name="IProf" type="com.sunopsis.sql.DbInt"><![CDATA[14]]></Field>
	<Field name="LastDate" type="java.sql.Timestamp"><![CDATA[2016-10-28 12:43:09.0]]></Field>
	<Field name="LastUser" type="java.lang.String"><![CDATA[SUNOPSIS_INSTALL]]></Field>
</Object>
<Object class="com.sunopsis.dwg.dbobj.SnpProfMeth">
		<Field name="FirstDate" type="java.sql.Timestamp"><![CDATA[2016-10-28 12:43:09.0]]></Field>
	<Field name="FirstUser" type="java.lang.String"><![CDATA[SUNOPSIS_INSTALL]]></Field>
	<Field name="GenericPriv" type="java.lang.String"><![CDATA[1]]></Field>
	<Field name="GlobalId" type="java.lang.String"><![CDATA[5cd5cb67-621b-38d6-8db0-5962749aa7bf]]></Field>
	<Field name="IMeth" type="com.sunopsis.sql.DbInt"><![CDATA[59900]]></Field>
	<Field name="IProf" type="com.sunopsis.sql.DbInt"><![CDATA[14]]></Field>
	<Field name="LastDate" type="java.sql.Timestamp"><![CDATA[2016-10-28 12:43:09.0]]></Field>
	<Field name="LastUser" type="java.lang.String"><![CDATA[SUNOPSIS_INSTALL]]></Field>
</Object>
<Object class="com.sunopsis.dwg.dbobj.SnpProfMeth">
		<Field name="FirstDate" type="java.sql.Timestamp"><![CDATA[2016-10-28 12:43:09.0]]></Field>
	<Field name="FirstUser" type="java.lang.String"><![CDATA[SUNOPSIS_INSTALL]]></Field>
	<Field name="GenericPriv" type="java.lang.String"><![CDATA[1]]></Field>
	<Field name="GlobalId" type="java.lang.String"><![CDATA[52e24550-a693-3222-beb6-17c18b42ab37]]></Field>
	<Field name="IMeth" type="com.sunopsis.sql.DbInt"><![CDATA[60200]]></Field>
	<Field name="IProf" type="com.sunopsis.sql.DbInt"><![CDATA[14]]></Field>
	<Field name="LastDate" type="java.sql.Timestamp"><![CDATA[2016-10-28 12:43:09.0]]></Field>
	<Field name="LastUser" type="java.lang.String"><![CDATA[SUNOPSIS_INSTALL]]></Field>
</Object>
<Object class="com.sunopsis.dwg.dbobj.SnpProfMeth">
		<Field name="FirstDate" type="java.sql.Timestamp"><![CDATA[2016-10-28 12:43:09.0]]></Field>
	<Field name="FirstUser" type="java.lang.String"><![CDATA[SUNOPSIS_INSTALL]]></Field>
	<Field name="GenericPriv" type="java.lang.String"><![CDATA[1]]></Field>
	<Field name="GlobalId" type="java.lang.String"><![CDATA[7dd8895a-b969-3a7a-b739-ae7ce34a6727]]></Field>
	<Field name="IMeth" type="com.sunopsis.sql.DbInt"><![CDATA[60300]]></Field>
	<Field name="IProf" type="com.sunopsis.sql.DbInt"><![CDATA[14]]></Field>
	<Field name="LastDate" type="java.sql.Timestamp"><![CDATA[2016-10-28 12:43:09.0]]></Field>
	<Field name="LastUser" type="java.lang.String"><![CDATA[SUNOPSIS_INSTALL]]></Field>
</Object>
<Object class="com.sunopsis.dwg.dbobj.SnpProfMeth">
		<Field name="FirstDate" type="java.sql.Timestamp"><![CDATA[2016-10-28 12:43:09.0]]></Field>
	<Field name="FirstUser" type="java.lang.String"><![CDATA[SUNOPSIS_INSTALL]]></Field>
	<Field name="GenericPriv" type="java.lang.String"><![CDATA[1]]></Field>
	<Field name="GlobalId" type="java.lang.String"><![CDATA[6894e69e-5bc3-35b8-9d15-5dd707ff1d2a]]></Field>
	<Field name="IMeth" type="com.sunopsis.sql.DbInt"><![CDATA[60400]]></Field>
	<Field name="IProf" type="com.sunopsis.sql.DbInt"><![CDATA[14]]></Field>
	<Field name="LastDate" type="java.sql.Timestamp"><![CDATA[2016-10-28 12:43:09.0]]></Field>
	<Field name="LastUser" type="java.lang.String"><![CDATA[SUNOPSIS_INSTALL]]></Field>
</Object>
<Object class="com.sunopsis.dwg.dbobj.SnpProfMeth">
		<Field name="FirstDate" type="java.sql.Timestamp"><![CDATA[2016-10-28 12:43:09.0]]></Field>
	<Field name="FirstUser" type="java.lang.String"><![CDATA[SUNOPSIS_INSTALL]]></Field>
	<Field name="GenericPriv" type="java.lang.String"><![CDATA[1]]></Field>
	<Field name="GlobalId" type="java.lang.String"><![CDATA[8be68570-efc2-3bad-8e89-63adbe881be0]]></Field>
	<Field name="IMeth" type="com.sunopsis.sql.DbInt"><![CDATA[60500]]></Field>
	<Field name="IProf" type="com.sunopsis.sql.DbInt"><![CDATA[14]]></Field>
	<Field name="LastDate" type="java.sql.Timestamp"><![CDATA[2016-10-28 12:43:09.0]]></Field>
	<Field name="LastUser" type="java.lang.String"><![CDATA[SUNOPSIS_INSTALL]]></Field>
</Object>
<Object class="com.sunopsis.dwg.dbobj.SnpProfMeth">
		<Field name="FirstDate" type="java.sql.Timestamp"><![CDATA[2016-10-28 12:43:09.0]]></Field>
	<Field name="FirstUser" type="java.lang.String"><![CDATA[SUNOPSIS_INSTALL]]></Field>
	<Field name="GenericPriv" type="java.lang.String"><![CDATA[1]]></Field>
	<Field name="GlobalId" type="java.lang.String"><![CDATA[1e9f143e-458b-3834-bdec-47e8153bdf27]]></Field>
	<Field name="IMeth" type="com.sunopsis.sql.DbInt"><![CDATA[60900]]></Field>
	<Field name="IProf" type="com.sunopsis.sql.DbInt"><![CDATA[14]]></Field>
	<Field name="LastDate" type="java.sql.Timestamp"><![CDATA[2016-10-28 12:43:09.0]]></Field>
	<Field name="LastUser" type="java.lang.String"><![CDATA[SUNOPSIS_INSTALL]]></Field>
</Object>
<Object class="com.sunopsis.dwg.dbobj.SnpProfMeth">
		<Field name="FirstDate" type="java.sql.Timestamp"><![CDATA[2016-10-28 12:43:09.0]]></Field>
	<Field name="FirstUser" type="java.lang.String"><![CDATA[SUNOPSIS_INSTALL]]></Field>
	<Field name="GenericPriv" type="java.lang.String"><![CDATA[1]]></Field>
	<Field name="GlobalId" type="java.lang.String"><![CDATA[1bf0e4e0-f618-3429-a953-979b423b6f5f]]></Field>
	<Field name="IMeth" type="com.sunopsis.sql.DbInt"><![CDATA[60700]]></Field>
	<Field name="IProf" type="com.sunopsis.sql.DbInt"><![CDATA[14]]></Field>
	<Field name="LastDate" type="java.sql.Timestamp"><![CDATA[2016-10-28 12:43:09.0]]></Field>
	<Field name="LastUser" type="java.lang.String"><![CDATA[SUNOPSIS_INSTALL]]></Field>
</Object>
<Object class="com.sunopsis.dwg.dbobj.SnpProfMeth">
		<Field name="FirstDate" type="java.sql.Timestamp"><![CDATA[2016-10-28 12:43:09.0]]></Field>
	<Field name="FirstUser" type="java.lang.String"><![CDATA[SUNOPSIS_INSTALL]]></Field>
	<Field name="GenericPriv" type="java.lang.String"><![CDATA[1]]></Field>
	<Field name="GlobalId" type="java.lang.String"><![CDATA[ccfaffb7-cdd0-3473-8a63-64e74bf61b77]]></Field>
	<Field name="IMeth" type="com.sunopsis.sql.DbInt"><![CDATA[61000]]></Field>
	<Field name="IProf" type="com.sunopsis.sql.DbInt"><![CDATA[14]]></Field>
	<Field name="LastDate" type="java.sql.Timestamp"><![CDATA[2016-10-28 12:43:09.0]]></Field>
	<Field name="LastUser" type="java.lang.String"><![CDATA[SUNOPSIS_INSTALL]]></Field>
</Object>
<Object class="com.sunopsis.dwg.dbobj.SnpProfMeth">
		<Field name="FirstDate" type="java.sql.Timestamp"><![CDATA[2016-10-28 12:43:09.0]]></Field>
	<Field name="FirstUser" type="java.lang.String"><![CDATA[SUNOPSIS_INSTALL]]></Field>
	<Field name="GenericPriv" type="java.lang.String"><![CDATA[1]]></Field>
	<Field name="GlobalId" type="java.lang.String"><![CDATA[43f0d80b-7425-3375-9cb8-0d822fd9d0da]]></Field>
	<Field name="IMeth" type="com.sunopsis.sql.DbInt"><![CDATA[61100]]></Field>
	<Field name="IProf" type="com.sunopsis.sql.DbInt"><![CDATA[14]]></Field>
	<Field name="LastDate" type="java.sql.Timestamp"><![CDATA[2016-10-28 12:43:09.0]]></Field>
	<Field name="LastUser" type="java.lang.String"><![CDATA[SUNOPSIS_INSTALL]]></Field>
</Object>
<Object class="com.sunopsis.dwg.dbobj.SnpProfMeth">
		<Field name="FirstDate" type="java.sql.Timestamp"><![CDATA[2016-10-28 12:43:09.0]]></Field>
	<Field name="FirstUser" type="java.lang.String"><![CDATA[SUNOPSIS_INSTALL]]></Field>
	<Field name="GenericPriv" type="java.lang.String"><![CDATA[1]]></Field>
	<Field name="GlobalId" type="java.lang.String"><![CDATA[b5a4c6c9-dedf-3535-9ece-c7266ca09049]]></Field>
	<Field name="IMeth" type="com.sunopsis.sql.DbInt"><![CDATA[61300]]></Field>
	<Field name="IProf" type="com.sunopsis.sql.DbInt"><![CDATA[14]]></Field>
	<Field name="LastDate" type="java.sql.Timestamp"><![CDATA[2016-10-28 12:43:09.0]]></Field>
	<Field name="LastUser" type="java.lang.String"><![CDATA[SUNOPSIS_INSTALL]]></Field>
</Object>
<Object class="com.sunopsis.dwg.dbobj.SnpProfMeth">
		<Field name="FirstDate" type="java.sql.Timestamp"><![CDATA[2016-10-28 12:43:09.0]]></Field>
	<Field name="FirstUser" type="java.lang.String"><![CDATA[SUNOPSIS_INSTALL]]></Field>
	<Field name="GenericPriv" type="java.lang.String"><![CDATA[1]]></Field>
	<Field name="GlobalId" type="java.lang.String"><![CDATA[b69105e9-d23f-3521-8c4c-34a7eceac99f]]></Field>
	<Field name="IMeth" type="com.sunopsis.sql.DbInt"><![CDATA[61400]]></Field>
	<Field name="IProf" type="com.sunopsis.sql.DbInt"><![CDATA[14]]></Field>
	<Field name="LastDate" type="java.sql.Timestamp"><![CDATA[2016-10-28 12:43:09.0]]></Field>
	<Field name="LastUser" type="java.lang.String"><![CDATA[SUNOPSIS_INSTALL]]></Field>
</Object>
<Object class="com.sunopsis.dwg.dbobj.SnpProfMeth">
		<Field name="FirstDate" type="java.sql.Timestamp"><![CDATA[2016-10-28 12:43:09.0]]></Field>
	<Field name="FirstUser" type="java.lang.String"><![CDATA[SUNOPSIS_INSTALL]]></Field>
	<Field name="GenericPriv" type="java.lang.String"><![CDATA[1]]></Field>
	<Field name="GlobalId" type="java.lang.String"><![CDATA[d69a6f3a-77aa-3d41-8b75-feab72cdbbf1]]></Field>
	<Field name="IMeth" type="com.sunopsis.sql.DbInt"><![CDATA[61200]]></Field>
	<Field name="IProf" type="com.sunopsis.sql.DbInt"><![CDATA[14]]></Field>
	<Field name="LastDate" type="java.sql.Timestamp"><![CDATA[2016-10-28 12:43:09.0]]></Field>
	<Field name="LastUser" type="java.lang.String"><![CDATA[SUNOPSIS_INSTALL]]></Field>
</Object>
<Object class="com.sunopsis.dwg.dbobj.SnpProfMeth">
		<Field name="FirstDate" type="java.sql.Timestamp"><![CDATA[2016-10-28 12:43:09.0]]></Field>
	<Field name="FirstUser" type="java.lang.String"><![CDATA[SUNOPSIS_INSTALL]]></Field>
	<Field name="GenericPriv" type="java.lang.String"><![CDATA[1]]></Field>
	<Field name="GlobalId" type="java.lang.String"><![CDATA[48567b78-3619-3b2a-a0ba-fa9e8563417c]]></Field>
	<Field name="IMeth" type="com.sunopsis.sql.DbInt"><![CDATA[6000]]></Field>
	<Field name="IProf" type="com.sunopsis.sql.DbInt"><![CDATA[14]]></Field>
	<Field name="LastDate" type="java.sql.Timestamp"><![CDATA[2016-10-28 12:43:09.0]]></Field>
	<Field name="LastUser" type="java.lang.String"><![CDATA[SUNOPSIS_INSTALL]]></Field>
</Object>
<Object class="com.sunopsis.dwg.dbobj.SnpProfMeth">
		<Field name="FirstDate" type="java.sql.Timestamp"><![CDATA[2016-10-28 12:43:09.0]]></Field>
	<Field name="FirstUser" type="java.lang.String"><![CDATA[SUNOPSIS_INSTALL]]></Field>
	<Field name="GenericPriv" type="java.lang.String"><![CDATA[1]]></Field>
	<Field name="GlobalId" type="java.lang.String"><![CDATA[798ebfb8-95cf-3cff-801b-085654d28dd4]]></Field>
	<Field name="IMeth" type="com.sunopsis.sql.DbInt"><![CDATA[5700]]></Field>
	<Field name="IProf" type="com.sunopsis.sql.DbInt"><![CDATA[14]]></Field>
	<Field name="LastDate" type="java.sql.Timestamp"><![CDATA[2016-10-28 12:43:09.0]]></Field>
	<Field name="LastUser" type="java.lang.String"><![CDATA[SUNOPSIS_INSTALL]]></Field>
</Object>
<Object class="com.sunopsis.dwg.dbobj.SnpProfMeth">
		<Field name="FirstDate" type="java.sql.Timestamp"><![CDATA[2016-10-28 12:43:09.0]]></Field>
	<Field name="FirstUser" type="java.lang.String"><![CDATA[SUNOPSIS_INSTALL]]></Field>
	<Field name="GenericPriv" type="java.lang.String"><![CDATA[1]]></Field>
	<Field name="GlobalId" type="java.lang.String"><![CDATA[e413cf4d-14f9-3ea7-94af-288fd09925d2]]></Field>
	<Field name="IMeth" type="com.sunopsis.sql.DbInt"><![CDATA[37600]]></Field>
	<Field name="IProf" type="com.sunopsis.sql.DbInt"><![CDATA[14]]></Field>
	<Field name="LastDate" type="java.sql.Timestamp"><![CDATA[2016-10-28 12:43:09.0]]></Field>
	<Field name="LastUser" type="java.lang.String"><![CDATA[SUNOPSIS_INSTALL]]></Field>
</Object>
<Object class="com.sunopsis.dwg.dbobj.SnpProfMeth">
		<Field name="FirstDate" type="java.sql.Timestamp"><![CDATA[2016-10-28 12:43:09.0]]></Field>
	<Field name="FirstUser" type="java.lang.String"><![CDATA[SUNOPSIS_INSTALL]]></Field>
	<Field name="GenericPriv" type="java.lang.String"><![CDATA[1]]></Field>
	<Field name="GlobalId" type="java.lang.String"><![CDATA[97ceafad-ea11-3e64-bf36-f96b260c45c6]]></Field>
	<Field name="IMeth" type="com.sunopsis.sql.DbInt"><![CDATA[37700]]></Field>
	<Field name="IProf" type="com.sunopsis.sql.DbInt"><![CDATA[14]]></Field>
	<Field name="LastDate" type="java.sql.Timestamp"><![CDATA[2016-10-28 12:43:09.0]]></Field>
	<Field name="LastUser" type="java.lang.String"><![CDATA[SUNOPSIS_INSTALL]]></Field>
</Object>
<Object class="com.sunopsis.dwg.dbobj.SnpProfMeth">
		<Field name="FirstDate" type="java.sql.Timestamp"><![CDATA[2016-10-28 12:43:09.0]]></Field>
	<Field name="FirstUser" type="java.lang.String"><![CDATA[SUNOPSIS_INSTALL]]></Field>
	<Field name="GenericPriv" type="java.lang.String"><![CDATA[1]]></Field>
	<Field name="GlobalId" type="java.lang.String"><![CDATA[25cc988d-6bc1-3dc0-a871-232099986821]]></Field>
	<Field name="IMeth" type="com.sunopsis.sql.DbInt"><![CDATA[37800]]></Field>
	<Field name="IProf" type="com.sunopsis.sql.DbInt"><![CDATA[14]]></Field>
	<Field name="LastDate" type="java.sql.Timestamp"><![CDATA[2016-10-28 12:43:09.0]]></Field>
	<Field name="LastUser" type="java.lang.String"><![CDATA[SUNOPSIS_INSTALL]]></Field>
</Object>
<Object class="com.sunopsis.dwg.dbobj.SnpProfMeth">
		<Field name="FirstDate" type="java.sql.Timestamp"><![CDATA[2016-10-28 12:43:09.0]]></Field>
	<Field name="FirstUser" type="java.lang.String"><![CDATA[SUNOPSIS_INSTALL]]></Field>
	<Field name="GenericPriv" type="java.lang.String"><![CDATA[1]]></Field>
	<Field name="GlobalId" type="java.lang.String"><![CDATA[13d1f909-87ec-3836-93d8-012e8c99bad7]]></Field>
	<Field name="IMeth" type="com.sunopsis.sql.DbInt"><![CDATA[16900]]></Field>
	<Field name="IProf" type="com.sunopsis.sql.DbInt"><![CDATA[14]]></Field>
	<Field name="LastDate" type="java.sql.Timestamp"><![CDATA[2016-10-28 12:43:09.0]]></Field>
	<Field name="LastUser" type="java.lang.String"><![CDATA[SUNOPSIS_INSTALL]]></Field>
</Object>
<Object class="com.sunopsis.dwg.dbobj.SnpProfMeth">
		<Field name="FirstDate" type="java.sql.Timestamp"><![CDATA[2016-10-28 12:43:09.0]]></Field>
	<Field name="FirstUser" type="java.lang.String"><![CDATA[SUNOPSIS_INSTALL]]></Field>
	<Field name="GenericPriv" type="java.lang.String"><![CDATA[1]]></Field>
	<Field name="GlobalId" type="java.lang.String"><![CDATA[72d4c794-2f76-3423-9b66-ba0cc1ce3ab8]]></Field>
	<Field name="IMeth" type="com.sunopsis.sql.DbInt"><![CDATA[17000]]></Field>
	<Field name="IProf" type="com.sunopsis.sql.DbInt"><![CDATA[14]]></Field>
	<Field name="LastDate" type="java.sql.Timestamp"><![CDATA[2016-10-28 12:43:09.0]]></Field>
	<Field name="LastUser" type="java.lang.String"><![CDATA[SUNOPSIS_INSTALL]]></Field>
</Object>
<Object class="com.sunopsis.dwg.dbobj.SnpProfMeth">
		<Field name="FirstDate" type="java.sql.Timestamp"><![CDATA[2016-10-28 12:43:09.0]]></Field>
	<Field name="FirstUser" type="java.lang.String"><![CDATA[SUNOPSIS_INSTALL]]></Field>
	<Field name="GenericPriv" type="java.lang.String"><![CDATA[1]]></Field>
	<Field name="GlobalId" type="java.lang.String"><![CDATA[2adfa4fe-40c5-34f1-a862-41646dfff96f]]></Field>
	<Field name="IMeth" type="com.sunopsis.sql.DbInt"><![CDATA[18200]]></Field>
	<Field name="IProf" type="com.sunopsis.sql.DbInt"><![CDATA[14]]></Field>
	<Field name="LastDate" type="java.sql.Timestamp"><![CDATA[2016-10-28 12:43:09.0]]></Field>
	<Field name="LastUser" type="java.lang.String"><![CDATA[SUNOPSIS_INSTALL]]></Field>
</Object>
<Object class="com.sunopsis.dwg.dbobj.SnpProfMeth">
		<Field name="FirstDate" type="java.sql.Timestamp"><![CDATA[2016-10-28 12:43:09.0]]></Field>
	<Field name="FirstUser" type="java.lang.String"><![CDATA[SUNOPSIS_INSTALL]]></Field>
	<Field name="GenericPriv" type="java.lang.String"><![CDATA[1]]></Field>
	<Field name="GlobalId" type="java.lang.String"><![CDATA[98e38979-3c4d-325a-97a5-48e3a06ae818]]></Field>
	<Field name="IMeth" type="com.sunopsis.sql.DbInt"><![CDATA[34100]]></Field>
	<Field name="IProf" type="com.sunopsis.sql.DbInt"><![CDATA[14]]></Field>
	<Field name="LastDate" type="java.sql.Timestamp"><![CDATA[2016-10-28 12:43:09.0]]></Field>
	<Field name="LastUser" type="java.lang.String"><![CDATA[SUNOPSIS_INSTALL]]></Field>
</Object>
<Object class="com.sunopsis.dwg.dbobj.SnpProfMeth">
		<Field name="FirstDate" type="java.sql.Timestamp"><![CDATA[2016-10-28 12:43:09.0]]></Field>
	<Field name="FirstUser" type="java.lang.String"><![CDATA[SUNOPSIS_INSTALL]]></Field>
	<Field name="GenericPriv" type="java.lang.String"><![CDATA[1]]></Field>
	<Field name="GlobalId" type="java.lang.String"><![CDATA[15ec9410-2b77-3f17-b31a-3b0b565b7694]]></Field>
	<Field name="IMeth" type="com.sunopsis.sql.DbInt"><![CDATA[17100]]></Field>
	<Field name="IProf" type="com.sunopsis.sql.DbInt"><![CDATA[14]]></Field>
	<Field name="LastDate" type="java.sql.Timestamp"><![CDATA[2016-10-28 12:43:09.0]]></Field>
	<Field name="LastUser" type="java.lang.String"><![CDATA[SUNOPSIS_INSTALL]]></Field>
</Object>
<Object class="com.sunopsis.dwg.dbobj.SnpProfMeth">
		<Field name="FirstDate" type="java.sql.Timestamp"><![CDATA[2016-10-28 12:43:09.0]]></Field>
	<Field name="FirstUser" type="java.lang.String"><![CDATA[SUNOPSIS_INSTALL]]></Field>
	<Field name="GenericPriv" type="java.lang.String"><![CDATA[1]]></Field>
	<Field name="GlobalId" type="java.lang.String"><![CDATA[55a81499-efc8-3c25-9ae8-9b04363f667a]]></Field>
	<Field name="IMeth" type="com.sunopsis.sql.DbInt"><![CDATA[17200]]></Field>
	<Field name="IProf" type="com.sunopsis.sql.DbInt"><![CDATA[14]]></Field>
	<Field name="LastDate" type="java.sql.Timestamp"><![CDATA[2016-10-28 12:43:09.0]]></Field>
	<Field name="LastUser" type="java.lang.String"><![CDATA[SUNOPSIS_INSTALL]]></Field>
</Object>
<Object class="com.sunopsis.dwg.dbobj.SnpProfMeth">
		<Field name="FirstDate" type="java.sql.Timestamp"><![CDATA[2016-10-28 12:43:09.0]]></Field>
	<Field name="FirstUser" type="java.lang.String"><![CDATA[SUNOPSIS_INSTALL]]></Field>
	<Field name="GenericPriv" type="java.lang.String"><![CDATA[1]]></Field>
	<Field name="GlobalId" type="java.lang.String"><![CDATA[14faf149-9463-35c5-904e-912f4bb00b2d]]></Field>
	<Field name="IMeth" type="com.sunopsis.sql.DbInt"><![CDATA[17300]]></Field>
	<Field name="IProf" type="com.sunopsis.sql.DbInt"><![CDATA[14]]></Field>
	<Field name="LastDate" type="java.sql.Timestamp"><![CDATA[2016-10-28 12:43:09.0]]></Field>
	<Field name="LastUser" type="java.lang.String"><![CDATA[SUNOPSIS_INSTALL]]></Field>
</Object>
<Object class="com.sunopsis.dwg.dbobj.SnpProfMeth">
		<Field name="FirstDate" type="java.sql.Timestamp"><![CDATA[2016-10-28 12:43:09.0]]></Field>
	<Field name="FirstUser" type="java.lang.String"><![CDATA[SUNOPSIS_INSTALL]]></Field>
	<Field name="GenericPriv" type="java.lang.String"><![CDATA[1]]></Field>
	<Field name="GlobalId" type="java.lang.String"><![CDATA[9a53dc55-3977-3356-a3c5-52ef5db5b77d]]></Field>
	<Field name="IMeth" type="com.sunopsis.sql.DbInt"><![CDATA[17400]]></Field>
	<Field name="IProf" type="com.sunopsis.sql.DbInt"><![CDATA[14]]></Field>
	<Field name="LastDate" type="java.sql.Timestamp"><![CDATA[2016-10-28 12:43:09.0]]></Field>
	<Field name="LastUser" type="java.lang.String"><![CDATA[SUNOPSIS_INSTALL]]></Field>
</Object>
<Object class="com.sunopsis.dwg.dbobj.SnpProfMeth">
		<Field name="FirstDate" type="java.sql.Timestamp"><![CDATA[2016-10-28 12:43:09.0]]></Field>
	<Field name="FirstUser" type="java.lang.String"><![CDATA[SUNOPSIS_INSTALL]]></Field>
	<Field name="GenericPriv" type="java.lang.String"><![CDATA[1]]></Field>
	<Field name="GlobalId" type="java.lang.String"><![CDATA[bc12d356-f2d6-3e2f-a289-cd92465d43e0]]></Field>
	<Field name="IMeth" type="com.sunopsis.sql.DbInt"><![CDATA[18000]]></Field>
	<Field name="IProf" type="com.sunopsis.sql.DbInt"><![CDATA[14]]></Field>
	<Field name="LastDate" type="java.sql.Timestamp"><![CDATA[2016-10-28 12:43:09.0]]></Field>
	<Field name="LastUser" type="java.lang.String"><![CDATA[SUNOPSIS_INSTALL]]></Field>
</Object>
<Object class="com.sunopsis.dwg.dbobj.SnpProfMeth">
		<Field name="FirstDate" type="java.sql.Timestamp"><![CDATA[2016-10-28 12:43:09.0]]></Field>
	<Field name="FirstUser" type="java.lang.String"><![CDATA[SUNOPSIS_INSTALL]]></Field>
	<Field name="GenericPriv" type="java.lang.String"><![CDATA[1]]></Field>
	<Field name="GlobalId" type="java.lang.String"><![CDATA[d6518e69-7a53-3cf7-8ffc-69da8e72b49c]]></Field>
	<Field name="IMeth" type="com.sunopsis.sql.DbInt"><![CDATA[18500]]></Field>
	<Field name="IProf" type="com.sunopsis.sql.DbInt"><![CDATA[14]]></Field>
	<Field name="LastDate" type="java.sql.Timestamp"><![CDATA[2016-10-28 12:43:09.0]]></Field>
	<Field name="LastUser" type="java.lang.String"><![CDATA[SUNOPSIS_INSTALL]]></Field>
</Object>
<Object class="com.sunopsis.dwg.dbobj.SnpProfMeth">
		<Field name="FirstDate" type="java.sql.Timestamp"><![CDATA[2016-10-28 12:43:09.0]]></Field>
	<Field name="FirstUser" type="java.lang.String"><![CDATA[SUNOPSIS_INSTALL]]></Field>
	<Field name="GenericPriv" type="java.lang.String"><![CDATA[1]]></Field>
	<Field name="GlobalId" type="java.lang.String"><![CDATA[0eb6a0d5-08f4-3b06-a061-82c45e5577c0]]></Field>
	<Field name="IMeth" type="com.sunopsis.sql.DbInt"><![CDATA[18600]]></Field>
	<Field name="IProf" type="com.sunopsis.sql.DbInt"><![CDATA[14]]></Field>
	<Field name="LastDate" type="java.sql.Timestamp"><![CDATA[2016-10-28 12:43:09.0]]></Field>
	<Field name="LastUser" type="java.lang.String"><![CDATA[SUNOPSIS_INSTALL]]></Field>
</Object>
<Object class="com.sunopsis.dwg.dbobj.SnpProfMeth">
		<Field name="FirstDate" type="java.sql.Timestamp"><![CDATA[2016-10-28 12:43:09.0]]></Field>
	<Field name="FirstUser" type="java.lang.String"><![CDATA[SUNOPSIS_INSTALL]]></Field>
	<Field name="GenericPriv" type="java.lang.String"><![CDATA[1]]></Field>
	<Field name="GlobalId" type="java.lang.String"><![CDATA[09a7dc10-6a47-391b-b5fb-20195a1eb606]]></Field>
	<Field name="IMeth" type="com.sunopsis.sql.DbInt"><![CDATA[18700]]></Field>
	<Field name="IProf" type="com.sunopsis.sql.DbInt"><![CDATA[14]]></Field>
	<Field name="LastDate" type="java.sql.Timestamp"><![CDATA[2016-10-28 12:43:09.0]]></Field>
	<Field name="LastUser" type="java.lang.String"><![CDATA[SUNOPSIS_INSTALL]]></Field>
</Object>
<Object class="com.sunopsis.dwg.dbobj.SnpProfMeth">
		<Field name="FirstDate" type="java.sql.Timestamp"><![CDATA[2016-10-28 12:43:09.0]]></Field>
	<Field name="FirstUser" type="java.lang.String"><![CDATA[SUNOPSIS_INSTALL]]></Field>
	<Field name="GenericPriv" type="java.lang.String"><![CDATA[1]]></Field>
	<Field name="GlobalId" type="java.lang.String"><![CDATA[a51ca8a9-37e7-3c40-a588-d1468167a0de]]></Field>
	<Field name="IMeth" type="com.sunopsis.sql.DbInt"><![CDATA[18900]]></Field>
	<Field name="IProf" type="com.sunopsis.sql.DbInt"><![CDATA[14]]></Field>
	<Field name="LastDate" type="java.sql.Timestamp"><![CDATA[2016-10-28 12:43:09.0]]></Field>
	<Field name="LastUser" type="java.lang.String"><![CDATA[SUNOPSIS_INSTALL]]></Field>
</Object>
<Object class="com.sunopsis.dwg.dbobj.SnpProfMeth">
		<Field name="FirstDate" type="java.sql.Timestamp"><![CDATA[2016-10-28 12:43:09.0]]></Field>
	<Field name="FirstUser" type="java.lang.String"><![CDATA[SUNOPSIS_INSTALL]]></Field>
	<Field name="GenericPriv" type="java.lang.String"><![CDATA[1]]></Field>
	<Field name="GlobalId" type="java.lang.String"><![CDATA[9d0df348-6d31-38af-b6a1-0e36520c8085]]></Field>
	<Field name="IMeth" type="com.sunopsis.sql.DbInt"><![CDATA[19000]]></Field>
	<Field name="IProf" type="com.sunopsis.sql.DbInt"><![CDATA[14]]></Field>
	<Field name="LastDate" type="java.sql.Timestamp"><![CDATA[2016-10-28 12:43:09.0]]></Field>
	<Field name="LastUser" type="java.lang.String"><![CDATA[SUNOPSIS_INSTALL]]></Field>
</Object>
<Object class="com.sunopsis.dwg.dbobj.SnpProfMeth">
		<Field name="FirstDate" type="java.sql.Timestamp"><![CDATA[2016-10-28 12:43:09.0]]></Field>
	<Field name="FirstUser" type="java.lang.String"><![CDATA[SUNOPSIS_INSTALL]]></Field>
	<Field name="GenericPriv" type="java.lang.String"><![CDATA[1]]></Field>
	<Field name="GlobalId" type="java.lang.String"><![CDATA[dba1b43d-7acd-343b-9432-eff0d08903b4]]></Field>
	<Field name="IMeth" type="com.sunopsis.sql.DbInt"><![CDATA[19100]]></Field>
	<Field name="IProf" type="com.sunopsis.sql.DbInt"><![CDATA[14]]></Field>
	<Field name="LastDate" type="java.sql.Timestamp"><![CDATA[2016-10-28 12:43:09.0]]></Field>
	<Field name="LastUser" type="java.lang.String"><![CDATA[SUNOPSIS_INSTALL]]></Field>
</Object>
<Object class="com.sunopsis.dwg.dbobj.SnpProfMeth">
		<Field name="FirstDate" type="java.sql.Timestamp"><![CDATA[2016-10-28 12:43:09.0]]></Field>
	<Field name="FirstUser" type="java.lang.String"><![CDATA[SUNOPSIS_INSTALL]]></Field>
	<Field name="GenericPriv" type="java.lang.String"><![CDATA[1]]></Field>
	<Field name="GlobalId" type="java.lang.String"><![CDATA[aa1f3744-1fd8-3bf1-8f83-a2d0f5cbc1e7]]></Field>
	<Field name="IMeth" type="com.sunopsis.sql.DbInt"><![CDATA[22700]]></Field>
	<Field name="IProf" type="com.sunopsis.sql.DbInt"><![CDATA[14]]></Field>
	<Field name="LastDate" type="java.sql.Timestamp"><![CDATA[2016-10-28 12:43:09.0]]></Field>
	<Field name="LastUser" type="java.lang.String"><![CDATA[SUNOPSIS_INSTALL]]></Field>
</Object>
<Object class="com.sunopsis.dwg.dbobj.SnpProfMeth">
		<Field name="FirstDate" type="java.sql.Timestamp"><![CDATA[2016-10-28 12:43:09.0]]></Field>
	<Field name="FirstUser" type="java.lang.String"><![CDATA[SUNOPSIS_INSTALL]]></Field>
	<Field name="GenericPriv" type="java.lang.String"><![CDATA[1]]></Field>
	<Field name="GlobalId" type="java.lang.String"><![CDATA[a0cb9713-e35e-3e39-a211-fa5e0aedb15d]]></Field>
	<Field name="IMeth" type="com.sunopsis.sql.DbInt"><![CDATA[29100]]></Field>
	<Field name="IProf" type="com.sunopsis.sql.DbInt"><![CDATA[14]]></Field>
	<Field name="LastDate" type="java.sql.Timestamp"><![CDATA[2016-10-28 12:43:09.0]]></Field>
	<Field name="LastUser" type="java.lang.String"><![CDATA[SUNOPSIS_INSTALL]]></Field>
</Object>
<Object class="com.sunopsis.dwg.dbobj.SnpProfMeth">
		<Field name="FirstDate" type="java.sql.Timestamp"><![CDATA[2016-10-28 12:43:09.0]]></Field>
	<Field name="FirstUser" type="java.lang.String"><![CDATA[SUNOPSIS_INSTALL]]></Field>
	<Field name="GenericPriv" type="java.lang.String"><![CDATA[1]]></Field>
	<Field name="GlobalId" type="java.lang.String"><![CDATA[32da20ac-cc00-3372-adbe-5e1a2bac1c04]]></Field>
	<Field name="IMeth" type="com.sunopsis.sql.DbInt"><![CDATA[32000]]></Field>
	<Field name="IProf" type="com.sunopsis.sql.DbInt"><![CDATA[14]]></Field>
	<Field name="LastDate" type="java.sql.Timestamp"><![CDATA[2016-10-28 12:43:09.0]]></Field>
	<Field name="LastUser" type="java.lang.String"><![CDATA[SUNOPSIS_INSTALL]]></Field>
</Object>
<Object class="com.sunopsis.dwg.dbobj.SnpProfMeth">
		<Field name="FirstDate" type="java.sql.Timestamp"><![CDATA[2016-10-28 12:43:09.0]]></Field>
	<Field name="FirstUser" type="java.lang.String"><![CDATA[SUNOPSIS_INSTALL]]></Field>
	<Field name="GenericPriv" type="java.lang.String"><![CDATA[1]]></Field>
	<Field name="GlobalId" type="java.lang.String"><![CDATA[60dd8027-a672-37e0-a113-8ca4723e9807]]></Field>
	<Field name="IMeth" type="com.sunopsis.sql.DbInt"><![CDATA[32200]]></Field>
	<Field name="IProf" type="com.sunopsis.sql.DbInt"><![CDATA[14]]></Field>
	<Field name="LastDate" type="java.sql.Timestamp"><![CDATA[2016-10-28 12:43:09.0]]></Field>
	<Field name="LastUser" type="java.lang.String"><![CDATA[SUNOPSIS_INSTALL]]></Field>
</Object>
<Object class="com.sunopsis.dwg.dbobj.SnpProfMeth">
		<Field name="FirstDate" type="java.sql.Timestamp"><![CDATA[2016-10-28 12:43:09.0]]></Field>
	<Field name="FirstUser" type="java.lang.String"><![CDATA[SUNOPSIS_INSTALL]]></Field>
	<Field name="GenericPriv" type="java.lang.String"><![CDATA[1]]></Field>
	<Field name="GlobalId" type="java.lang.String"><![CDATA[6c9c1ce4-12f2-3e9c-a2b0-441b89631c5b]]></Field>
	<Field name="IMeth" type="com.sunopsis.sql.DbInt"><![CDATA[38900]]></Field>
	<Field name="IProf" type="com.sunopsis.sql.DbInt"><![CDATA[14]]></Field>
	<Field name="LastDate" type="java.sql.Timestamp"><![CDATA[2016-10-28 12:43:09.0]]></Field>
	<Field name="LastUser" type="java.lang.String"><![CDATA[SUNOPSIS_INSTALL]]></Field>
</Object>
<Object class="com.sunopsis.dwg.dbobj.SnpProfMeth">
		<Field name="FirstDate" type="java.sql.Timestamp"><![CDATA[2016-10-28 12:43:09.0]]></Field>
	<Field name="FirstUser" type="java.lang.String"><![CDATA[SUNOPSIS_INSTALL]]></Field>
	<Field name="GenericPriv" type="java.lang.String"><![CDATA[1]]></Field>
	<Field name="GlobalId" type="java.lang.String"><![CDATA[fc1adf17-d15f-3792-a2e2-3c0884fa96d4]]></Field>
	<Field name="IMeth" type="com.sunopsis.sql.DbInt"><![CDATA[29900]]></Field>
	<Field name="IProf" type="com.sunopsis.sql.DbInt"><![CDATA[14]]></Field>
	<Field name="LastDate" type="java.sql.Timestamp"><![CDATA[2016-10-28 12:43:09.0]]></Field>
	<Field name="LastUser" type="java.lang.String"><![CDATA[SUNOPSIS_INSTALL]]></Field>
</Object>
<Object class="com.sunopsis.dwg.dbobj.SnpProfMeth">
		<Field name="FirstDate" type="java.sql.Timestamp"><![CDATA[2016-10-28 12:43:09.0]]></Field>
	<Field name="FirstUser" type="java.lang.String"><![CDATA[SUNOPSIS_INSTALL]]></Field>
	<Field name="GenericPriv" type="java.lang.String"><![CDATA[1]]></Field>
	<Field name="GlobalId" type="java.lang.String"><![CDATA[59c15131-cd9d-3b51-9cdc-2671e78fbc90]]></Field>
	<Field name="IMeth" type="com.sunopsis.sql.DbInt"><![CDATA[30000]]></Field>
	<Field name="IProf" type="com.sunopsis.sql.DbInt"><![CDATA[14]]></Field>
	<Field name="LastDate" type="java.sql.Timestamp"><![CDATA[2016-10-28 12:43:09.0]]></Field>
	<Field name="LastUser" type="java.lang.String"><![CDATA[SUNOPSIS_INSTALL]]></Field>
</Object>
<Object class="com.sunopsis.dwg.dbobj.SnpProfMeth">
		<Field name="FirstDate" type="java.sql.Timestamp"><![CDATA[2016-10-28 12:43:09.0]]></Field>
	<Field name="FirstUser" type="java.lang.String"><![CDATA[SUNOPSIS_INSTALL]]></Field>
	<Field name="GenericPriv" type="java.lang.String"><![CDATA[1]]></Field>
	<Field name="GlobalId" type="java.lang.String"><![CDATA[a01654e5-c6aa-3ee2-b1fe-ce7c45e43aeb]]></Field>
	<Field name="IMeth" type="com.sunopsis.sql.DbInt"><![CDATA[30100]]></Field>
	<Field name="IProf" type="com.sunopsis.sql.DbInt"><![CDATA[14]]></Field>
	<Field name="LastDate" type="java.sql.Timestamp"><![CDATA[2016-10-28 12:43:09.0]]></Field>
	<Field name="LastUser" type="java.lang.String"><![CDATA[SUNOPSIS_INSTALL]]></Field>
</Object>
<Object class="com.sunopsis.dwg.dbobj.SnpProfMeth">
		<Field name="FirstDate" type="java.sql.Timestamp"><![CDATA[2016-10-28 12:43:09.0]]></Field>
	<Field name="FirstUser" type="java.lang.String"><![CDATA[SUNOPSIS_INSTALL]]></Field>
	<Field name="GenericPriv" type="java.lang.String"><![CDATA[1]]></Field>
	<Field name="GlobalId" type="java.lang.String"><![CDATA[874896cd-2352-3d56-a763-da3e96db944d]]></Field>
	<Field name="IMeth" type="com.sunopsis.sql.DbInt"><![CDATA[32800]]></Field>
	<Field name="IProf" type="com.sunopsis.sql.DbInt"><![CDATA[14]]></Field>
	<Field name="LastDate" type="java.sql.Timestamp"><![CDATA[2016-10-28 12:43:09.0]]></Field>
	<Field name="LastUser" type="java.lang.String"><![CDATA[SUNOPSIS_INSTALL]]></Field>
</Object>
<Object class="com.sunopsis.dwg.dbobj.SnpProfMeth">
		<Field name="FirstDate" type="java.sql.Timestamp"><![CDATA[2016-10-28 12:43:09.0]]></Field>
	<Field name="FirstUser" type="java.lang.String"><![CDATA[SUNOPSIS_INSTALL]]></Field>
	<Field name="GenericPriv" type="java.lang.String"><![CDATA[1]]></Field>
	<Field name="GlobalId" type="java.lang.String"><![CDATA[eb6480d8-797c-363c-9766-0a39ddfa0cad]]></Field>
	<Field name="IMeth" type="com.sunopsis.sql.DbInt"><![CDATA[38500]]></Field>
	<Field name="IProf" type="com.sunopsis.sql.DbInt"><![CDATA[14]]></Field>
	<Field name="LastDate" type="java.sql.Timestamp"><![CDATA[2016-10-28 12:43:09.0]]></Field>
	<Field name="LastUser" type="java.lang.String"><![CDATA[SUNOPSIS_INSTALL]]></Field>
</Object>
<Object class="com.sunopsis.dwg.dbobj.SnpProfMeth">
		<Field name="FirstDate" type="java.sql.Timestamp"><![CDATA[2016-10-28 12:43:09.0]]></Field>
	<Field name="FirstUser" type="java.lang.String"><![CDATA[SUNOPSIS_INSTALL]]></Field>
	<Field name="GenericPriv" type="java.lang.String"><![CDATA[1]]></Field>
	<Field name="GlobalId" type="java.lang.String"><![CDATA[81083567-3c3d-3e1d-9717-1c896c58a0a8]]></Field>
	<Field name="IMeth" type="com.sunopsis.sql.DbInt"><![CDATA[38600]]></Field>
	<Field name="IProf" type="com.sunopsis.sql.DbInt"><![CDATA[14]]></Field>
	<Field name="LastDate" type="java.sql.Timestamp"><![CDATA[2016-10-28 12:43:09.0]]></Field>
	<Field name="LastUser" type="java.lang.String"><![CDATA[SUNOPSIS_INSTALL]]></Field>
</Object>
<Object class="com.sunopsis.dwg.dbobj.SnpProfMeth">
		<Field name="FirstDate" type="java.sql.Timestamp"><![CDATA[2016-10-28 12:43:09.0]]></Field>
	<Field name="FirstUser" type="java.lang.String"><![CDATA[SUNOPSIS_INSTALL]]></Field>
	<Field name="GenericPriv" type="java.lang.String"><![CDATA[1]]></Field>
	<Field name="GlobalId" type="java.lang.String"><![CDATA[66d4f148-df30-39f7-96da-e60496f8638b]]></Field>
	<Field name="IMeth" type="com.sunopsis.sql.DbInt"><![CDATA[38700]]></Field>
	<Field name="IProf" type="com.sunopsis.sql.DbInt"><![CDATA[14]]></Field>
	<Field name="LastDate" type="java.sql.Timestamp"><![CDATA[2016-10-28 12:43:09.0]]></Field>
	<Field name="LastUser" type="java.lang.String"><![CDATA[SUNOPSIS_INSTALL]]></Field>
</Object>
<Object class="com.sunopsis.dwg.dbobj.SnpProfMeth">
		<Field name="FirstDate" type="java.sql.Timestamp"><![CDATA[2016-10-28 12:43:09.0]]></Field>
	<Field name="FirstUser" type="java.lang.String"><![CDATA[SUNOPSIS_INSTALL]]></Field>
	<Field name="GenericPriv" type="java.lang.String"><![CDATA[1]]></Field>
	<Field name="GlobalId" type="java.lang.String"><![CDATA[aea554c6-8432-3c73-a9a3-d1379d467aba]]></Field>
	<Field name="IMeth" type="com.sunopsis.sql.DbInt"><![CDATA[39900]]></Field>
	<Field name="IProf" type="com.sunopsis.sql.DbInt"><![CDATA[14]]></Field>
	<Field name="LastDate" type="java.sql.Timestamp"><![CDATA[2016-10-28 12:43:09.0]]></Field>
	<Field name="LastUser" type="java.lang.String"><![CDATA[SUNOPSIS_INSTALL]]></Field>
</Object>
<Object class="com.sunopsis.dwg.dbobj.SnpProfMeth">
		<Field name="FirstDate" type="java.sql.Timestamp"><![CDATA[2016-10-28 12:43:09.0]]></Field>
	<Field name="FirstUser" type="java.lang.String"><![CDATA[SUNOPSIS_INSTALL]]></Field>
	<Field name="GenericPriv" type="java.lang.String"><![CDATA[1]]></Field>
	<Field name="GlobalId" type="java.lang.String"><![CDATA[005a5393-e6ea-3113-ad08-21c0a0daaa5a]]></Field>
	<Field name="IMeth" type="com.sunopsis.sql.DbInt"><![CDATA[40200]]></Field>
	<Field name="IProf" type="com.sunopsis.sql.DbInt"><![CDATA[14]]></Field>
	<Field name="LastDate" type="java.sql.Timestamp"><![CDATA[2016-10-28 12:43:09.0]]></Field>
	<Field name="LastUser" type="java.lang.String"><![CDATA[SUNOPSIS_INSTALL]]></Field>
</Object>
<Object class="com.sunopsis.dwg.dbobj.SnpProfMeth">
		<Field name="FirstDate" type="java.sql.Timestamp"><![CDATA[2016-10-28 12:43:09.0]]></Field>
	<Field name="FirstUser" type="java.lang.String"><![CDATA[SUNOPSIS_INSTALL]]></Field>
	<Field name="GenericPriv" type="java.lang.String"><![CDATA[1]]></Field>
	<Field name="GlobalId" type="java.lang.String"><![CDATA[db9b5ae8-f4e6-32c0-88d6-1b813c4ffb80]]></Field>
	<Field name="IMeth" type="com.sunopsis.sql.DbInt"><![CDATA[40300]]></Field>
	<Field name="IProf" type="com.sunopsis.sql.DbInt"><![CDATA[14]]></Field>
	<Field name="LastDate" type="java.sql.Timestamp"><![CDATA[2016-10-28 12:43:09.0]]></Field>
	<Field name="LastUser" type="java.lang.String"><![CDATA[SUNOPSIS_INSTALL]]></Field>
</Object>
<Object class="com.sunopsis.dwg.dbobj.SnpProfMeth">
		<Field name="FirstDate" type="java.sql.Timestamp"><![CDATA[2016-10-28 12:43:09.0]]></Field>
	<Field name="FirstUser" type="java.lang.String"><![CDATA[SUNOPSIS_INSTALL]]></Field>
	<Field name="GenericPriv" type="java.lang.String"><![CDATA[0]]></Field>
	<Field name="GlobalId" type="java.lang.String"><![CDATA[ff459a2f-c572-33f4-9d84-025639016b97]]></Field>
	<Field name="IMeth" type="com.sunopsis.sql.DbInt"><![CDATA[59500]]></Field>
	<Field name="IProf" type="com.sunopsis.sql.DbInt"><![CDATA[14]]></Field>
	<Field name="LastDate" type="java.sql.Timestamp"><![CDATA[2016-10-28 12:43:09.0]]></Field>
	<Field name="LastUser" type="java.lang.String"><![CDATA[SUNOPSIS_INSTALL]]></Field>
</Object>
<Object class="com.sunopsis.dwg.dbobj.SnpProfMeth">
		<Field name="FirstDate" type="java.sql.Timestamp"><![CDATA[2016-10-28 12:43:09.0]]></Field>
	<Field name="FirstUser" type="java.lang.String"><![CDATA[SUNOPSIS_INSTALL]]></Field>
	<Field name="GenericPriv" type="java.lang.String"><![CDATA[0]]></Field>
	<Field name="GlobalId" type="java.lang.String"><![CDATA[287f7580-9e3f-3e98-8c0c-397d0f4380db]]></Field>
	<Field name="IMeth" type="com.sunopsis.sql.DbInt"><![CDATA[59700]]></Field>
	<Field name="IProf" type="com.sunopsis.sql.DbInt"><![CDATA[14]]></Field>
	<Field name="LastDate" type="java.sql.Timestamp"><![CDATA[2016-10-28 12:43:09.0]]></Field>
	<Field name="LastUser" type="java.lang.String"><![CDATA[SUNOPSIS_INSTALL]]></Field>
</Object>
<Object class="com.sunopsis.dwg.dbobj.SnpProfMeth">
		<Field name="FirstDate" type="java.sql.Timestamp"><![CDATA[2016-10-28 12:43:09.0]]></Field>
	<Field name="FirstUser" type="java.lang.String"><![CDATA[SUNOPSIS_INSTALL]]></Field>
	<Field name="GenericPriv" type="java.lang.String"><![CDATA[1]]></Field>
	<Field name="GlobalId" type="java.lang.String"><![CDATA[1f18a06d-eef0-36e6-ab81-232531677b0d]]></Field>
	<Field name="IMeth" type="com.sunopsis.sql.DbInt"><![CDATA[52800]]></Field>
	<Field name="IProf" type="com.sunopsis.sql.DbInt"><![CDATA[14]]></Field>
	<Field name="LastDate" type="java.sql.Timestamp"><![CDATA[2016-10-28 12:43:09.0]]></Field>
	<Field name="LastUser" type="java.lang.String"><![CDATA[SUNOPSIS_INSTALL]]></Field>
</Object>
<Object class="com.sunopsis.dwg.dbobj.SnpProfMeth">
		<Field name="FirstDate" type="java.sql.Timestamp"><![CDATA[2016-10-28 12:43:09.0]]></Field>
	<Field name="FirstUser" type="java.lang.String"><![CDATA[SUNOPSIS_INSTALL]]></Field>
	<Field name="GenericPriv" type="java.lang.String"><![CDATA[1]]></Field>
	<Field name="GlobalId" type="java.lang.String"><![CDATA[df687d7b-861c-3634-af5f-0f77e52692e5]]></Field>
	<Field name="IMeth" type="com.sunopsis.sql.DbInt"><![CDATA[54000]]></Field>
	<Field name="IProf" type="com.sunopsis.sql.DbInt"><![CDATA[14]]></Field>
	<Field name="LastDate" type="java.sql.Timestamp"><![CDATA[2016-10-28 12:43:09.0]]></Field>
	<Field name="LastUser" type="java.lang.String"><![CDATA[SUNOPSIS_INSTALL]]></Field>
</Object>
<Object class="com.sunopsis.dwg.dbobj.SnpProfMeth">
		<Field name="FirstDate" type="java.sql.Timestamp"><![CDATA[2016-10-28 12:43:09.0]]></Field>
	<Field name="FirstUser" type="java.lang.String"><![CDATA[SUNOPSIS_INSTALL]]></Field>
	<Field name="GenericPriv" type="java.lang.String"><![CDATA[1]]></Field>
	<Field name="GlobalId" type="java.lang.String"><![CDATA[9a5b1c29-0880-310e-a652-a750e92d4d80]]></Field>
	<Field name="IMeth" type="com.sunopsis.sql.DbInt"><![CDATA[54100]]></Field>
	<Field name="IProf" type="com.sunopsis.sql.DbInt"><![CDATA[14]]></Field>
	<Field name="LastDate" type="java.sql.Timestamp"><![CDATA[2016-10-28 12:43:09.0]]></Field>
	<Field name="LastUser" type="java.lang.String"><![CDATA[SUNOPSIS_INSTALL]]></Field>
</Object>
<Object class="com.sunopsis.dwg.dbobj.SnpProfMeth">
		<Field name="FirstDate" type="java.sql.Timestamp"><![CDATA[2016-10-28 12:43:09.0]]></Field>
	<Field name="FirstUser" type="java.lang.String"><![CDATA[SUNOPSIS_INSTALL]]></Field>
	<Field name="GenericPriv" type="java.lang.String"><![CDATA[1]]></Field>
	<Field name="GlobalId" type="java.lang.String"><![CDATA[fc128635-ca9d-3913-957c-f60074b593a1]]></Field>
	<Field name="IMeth" type="com.sunopsis.sql.DbInt"><![CDATA[54300]]></Field>
	<Field name="IProf" type="com.sunopsis.sql.DbInt"><![CDATA[14]]></Field>
	<Field name="LastDate" type="java.sql.Timestamp"><![CDATA[2016-10-28 12:43:09.0]]></Field>
	<Field name="LastUser" type="java.lang.String"><![CDATA[SUNOPSIS_INSTALL]]></Field>
</Object>
<Object class="com.sunopsis.dwg.dbobj.SnpProfMeth">
		<Field name="FirstDate" type="java.sql.Timestamp"><![CDATA[2016-10-28 12:43:09.0]]></Field>
	<Field name="FirstUser" type="java.lang.String"><![CDATA[SUNOPSIS_INSTALL]]></Field>
	<Field name="GenericPriv" type="java.lang.String"><![CDATA[1]]></Field>
	<Field name="GlobalId" type="java.lang.String"><![CDATA[1e5c6aff-4c60-391a-b6fd-54e8ca5c0453]]></Field>
	<Field name="IMeth" type="com.sunopsis.sql.DbInt"><![CDATA[54400]]></Field>
	<Field name="IProf" type="com.sunopsis.sql.DbInt"><![CDATA[14]]></Field>
	<Field name="LastDate" type="java.sql.Timestamp"><![CDATA[2016-10-28 12:43:09.0]]></Field>
	<Field name="LastUser" type="java.lang.String"><![CDATA[SUNOPSIS_INSTALL]]></Field>
</Object>
<Object class="com.sunopsis.dwg.dbobj.SnpProfMeth">
		<Field name="FirstDate" type="java.sql.Timestamp"><![CDATA[2016-10-28 12:43:09.0]]></Field>
	<Field name="FirstUser" type="java.lang.String"><![CDATA[SUNOPSIS_INSTALL]]></Field>
	<Field name="GenericPriv" type="java.lang.String"><![CDATA[1]]></Field>
	<Field name="GlobalId" type="java.lang.String"><![CDATA[413c53f0-a60c-3450-933b-6661ca50dcc8]]></Field>
	<Field name="IMeth" type="com.sunopsis.sql.DbInt"><![CDATA[54500]]></Field>
	<Field name="IProf" type="com.sunopsis.sql.DbInt"><![CDATA[14]]></Field>
	<Field name="LastDate" type="java.sql.Timestamp"><![CDATA[2016-10-28 12:43:09.0]]></Field>
	<Field name="LastUser" type="java.lang.String"><![CDATA[SUNOPSIS_INSTALL]]></Field>
</Object>
<Object class="com.sunopsis.dwg.dbobj.SnpProfMeth">
		<Field name="FirstDate" type="java.sql.Timestamp"><![CDATA[2016-10-28 12:43:09.0]]></Field>
	<Field name="FirstUser" type="java.lang.String"><![CDATA[SUNOPSIS_INSTALL]]></Field>
	<Field name="GenericPriv" type="java.lang.String"><![CDATA[1]]></Field>
	<Field name="GlobalId" type="java.lang.String"><![CDATA[42af5963-b1f3-3e77-9bab-03fc8e5e4e96]]></Field>
	<Field name="IMeth" type="com.sunopsis.sql.DbInt"><![CDATA[56400]]></Field>
	<Field name="IProf" type="com.sunopsis.sql.DbInt"><![CDATA[14]]></Field>
	<Field name="LastDate" type="java.sql.Timestamp"><![CDATA[2016-10-28 12:43:09.0]]></Field>
	<Field name="LastUser" type="java.lang.String"><![CDATA[SUNOPSIS_INSTALL]]></Field>
</Object>
<Object class="com.sunopsis.dwg.dbobj.SnpProfMeth">
		<Field name="FirstDate" type="java.sql.Timestamp"><![CDATA[2016-10-28 12:43:09.0]]></Field>
	<Field name="FirstUser" type="java.lang.String"><![CDATA[SUNOPSIS_INSTALL]]></Field>
	<Field name="GenericPriv" type="java.lang.String"><![CDATA[1]]></Field>
	<Field name="GlobalId" type="java.lang.String"><![CDATA[4b188cc2-f33b-4d42-a746-be27b657a140]]></Field>
	<Field name="IMeth" type="com.sunopsis.sql.DbInt"><![CDATA[64900]]></Field>
	<Field name="IProf" type="com.sunopsis.sql.DbInt"><![CDATA[14]]></Field>
	<Field name="LastDate" type="java.sql.Timestamp"><![CDATA[2016-10-28 12:43:09.0]]></Field>
	<Field name="LastUser" type="java.lang.String"><![CDATA[SUNOPSIS_INSTALL]]></Field>
</Object>
<Object class="com.sunopsis.dwg.dbobj.SnpProfMeth">
		<Field name="FirstDate" type="java.sql.Timestamp"><![CDATA[2016-10-28 12:43:09.0]]></Field>
	<Field name="FirstUser" type="java.lang.String"><![CDATA[SUNOPSIS_INSTALL]]></Field>
	<Field name="GenericPriv" type="java.lang.String"><![CDATA[1]]></Field>
	<Field name="GlobalId" type="java.lang.String"><![CDATA[760d59d6-dd0f-4124-be3b-50498df9c00e]]></Field>
	<Field name="IMeth" type="com.sunopsis.sql.DbInt"><![CDATA[112300]]></Field>
	<Field name="IProf" type="com.sunopsis.sql.DbInt"><![CDATA[14]]></Field>
	<Field name="LastDate" type="java.sql.Timestamp"><![CDATA[2016-10-28 12:43:09.0]]></Field>
	<Field name="LastUser" type="java.lang.String"><![CDATA[SUNOPSIS_INSTALL]]></Field>
</Object>
<Object class="com.sunopsis.dwg.dbobj.SnpProfMeth">
		<Field name="FirstDate" type="java.sql.Timestamp"><![CDATA[2016-10-28 12:43:09.0]]></Field>
	<Field name="FirstUser" type="java.lang.String"><![CDATA[SUNOPSIS_INSTALL]]></Field>
	<Field name="GenericPriv" type="java.lang.String"><![CDATA[1]]></Field>
	<Field name="GlobalId" type="java.lang.String"><![CDATA[0b79bb50-173c-44be-b873-ae4b62937f40]]></Field>
	<Field name="IMeth" type="com.sunopsis.sql.DbInt"><![CDATA[112200]]></Field>
	<Field name="IProf" type="com.sunopsis.sql.DbInt"><![CDATA[14]]></Field>
	<Field name="LastDate" type="java.sql.Timestamp"><![CDATA[2016-10-28 12:43:09.0]]></Field>
	<Field name="LastUser" type="java.lang.String"><![CDATA[SUNOPSIS_INSTALL]]></Field>
</Object>
<Object class="com.sunopsis.dwg.dbobj.SnpProfMeth">
		<Field name="FirstDate" type="java.sql.Timestamp"><![CDATA[2016-10-28 12:43:09.0]]></Field>
	<Field name="FirstUser" type="java.lang.String"><![CDATA[SUNOPSIS_INSTALL]]></Field>
	<Field name="GenericPriv" type="java.lang.String"><![CDATA[1]]></Field>
	<Field name="GlobalId" type="java.lang.String"><![CDATA[d9d99fbd-6f56-456b-a220-1e5d2ac40349]]></Field>
	<Field name="IMeth" type="com.sunopsis.sql.DbInt"><![CDATA[112400]]></Field>
	<Field name="IProf" type="com.sunopsis.sql.DbInt"><![CDATA[14]]></Field>
	<Field name="LastDate" type="java.sql.Timestamp"><![CDATA[2016-10-28 12:43:09.0]]></Field>
	<Field name="LastUser" type="java.lang.String"><![CDATA[SUNOPSIS_INSTALL]]></Field>
</Object>
<Object class="com.sunopsis.dwg.dbobj.SnpProfMeth">
		<Field name="FirstDate" type="java.sql.Timestamp"><![CDATA[2016-10-28 12:43:09.0]]></Field>
	<Field name="FirstUser" type="java.lang.String"><![CDATA[SUNOPSIS_INSTALL]]></Field>
	<Field name="GenericPriv" type="java.lang.String"><![CDATA[1]]></Field>
	<Field name="GlobalId" type="java.lang.String"><![CDATA[6555cc60-7ec8-4482-a5fc-52eb8cf39664]]></Field>
	<Field name="IMeth" type="com.sunopsis.sql.DbInt"><![CDATA[112100]]></Field>
	<Field name="IProf" type="com.sunopsis.sql.DbInt"><![CDATA[14]]></Field>
	<Field name="LastDate" type="java.sql.Timestamp"><![CDATA[2016-10-28 12:43:09.0]]></Field>
	<Field name="LastUser" type="java.lang.String"><![CDATA[SUNOPSIS_INSTALL]]></Field>
</Object>
<Object class="com.sunopsis.dwg.dbobj.SnpProfMeth">
		<Field name="FirstDate" type="java.sql.Timestamp"><![CDATA[2016-10-28 12:43:09.0]]></Field>
	<Field name="FirstUser" type="java.lang.String"><![CDATA[SUNOPSIS_INSTALL]]></Field>
	<Field name="GenericPriv" type="java.lang.String"><![CDATA[1]]></Field>
	<Field name="GlobalId" type="java.lang.String"><![CDATA[77bc1cf7-45a7-474e-88db-1549ff46d48f]]></Field>
	<Field name="IMeth" type="com.sunopsis.sql.DbInt"><![CDATA[102800]]></Field>
	<Field name="IProf" type="com.sunopsis.sql.DbInt"><![CDATA[14]]></Field>
	<Field name="LastDate" type="java.sql.Timestamp"><![CDATA[2016-10-28 12:43:09.0]]></Field>
	<Field name="LastUser" type="java.lang.String"><![CDATA[SUNOPSIS_INSTALL]]></Field>
</Object>
<Object class="com.sunopsis.dwg.dbobj.SnpFKXRef">
		<Field name="RefKey" type="java.lang.String"><![CDATA[SNP_PROFILE.14]]></Field>
	<Field name="RefObjGlobalId" type="java.lang.String"><![CDATA[ebf1e21b-76d0-3e6e-8d72-a83c03e333ca]]></Field>
 <Field name="RefObjFQName" type="java.lang.String"><![CDATA[OPERATOR]]></Field>
 <Field name="RefObjFQType" type="java.lang.String"><![CDATA[SNP_PROFILE]]></Field>
 <Field name="RefObjFQNameLengths" type="java.lang.String"><![CDATA[8]]></Field>
</Object>
<Object class="com.sunopsis.dwg.dbobj.SnpFKXRef">
		<Field name="RefKey" type="java.lang.String"><![CDATA[SNP_METHOD.34200]]></Field>
	<Field name="RefObjGlobalId" type="java.lang.String"><![CDATA[e2e6cd72-7724-34bc-834e-7f59f20cf553]]></Field>
 <Field name="RefObjFQName" type="java.lang.String"><![CDATA[Session.Restart]]></Field>
 <Field name="RefObjFQType" type="java.lang.String"><![CDATA[SNP_OBJECT.SNP_METHOD]]></Field>
 <Field name="RefObjFQNameLengths" type="java.lang.String"><![CDATA[7.7]]></Field>
</Object>
<Object class="com.sunopsis.dwg.dbobj.SnpFKXRef">
		<Field name="RefKey" type="java.lang.String"><![CDATA[SNP_METHOD.18100]]></Field>
	<Field name="RefObjGlobalId" type="java.lang.String"><![CDATA[efe6d891-f0e7-395b-a31e-db3b8943169e]]></Field>
 <Field name="RefObjFQName" type="java.lang.String"><![CDATA[Session Task Log.View]]></Field>
 <Field name="RefObjFQType" type="java.lang.String"><![CDATA[SNP_OBJECT.SNP_METHOD]]></Field>
 <Field name="RefObjFQNameLengths" type="java.lang.String"><![CDATA[16.4]]></Field>
</Object>
<Object class="com.sunopsis.dwg.dbobj.SnpFKXRef">
		<Field name="RefKey" type="java.lang.String"><![CDATA[SNP_METHOD.31700]]></Field>
	<Field name="RefObjGlobalId" type="java.lang.String"><![CDATA[3353dd1e-96aa-364c-ab70-a9a40bb098b9]]></Field>
 <Field name="RefObjFQName" type="java.lang.String"><![CDATA[Scheduling.Duplicate]]></Field>
 <Field name="RefObjFQType" type="java.lang.String"><![CDATA[SNP_OBJECT.SNP_METHOD]]></Field>
 <Field name="RefObjFQNameLengths" type="java.lang.String"><![CDATA[10.9]]></Field>
</Object>
<Object class="com.sunopsis.dwg.dbobj.SnpFKXRef">
		<Field name="RefKey" type="java.lang.String"><![CDATA[SNP_METHOD.32100]]></Field>
	<Field name="RefObjGlobalId" type="java.lang.String"><![CDATA[b65b0762-c021-34ad-b4e8-e39d24a6de50]]></Field>
 <Field name="RefObjFQName" type="java.lang.String"><![CDATA[Scenario.Duplicate]]></Field>
 <Field name="RefObjFQType" type="java.lang.String"><![CDATA[SNP_OBJECT.SNP_METHOD]]></Field>
 <Field name="RefObjFQNameLengths" type="java.lang.String"><![CDATA[8.9]]></Field>
</Object>
<Object class="com.sunopsis.dwg.dbobj.SnpFKXRef">
		<Field name="RefKey" type="java.lang.String"><![CDATA[SNP_METHOD.32700]]></Field>
	<Field name="RefObjGlobalId" type="java.lang.String"><![CDATA[74b57df8-2191-35a1-a32f-72d5d4797c53]]></Field>
 <Field name="RefObjFQName" type="java.lang.String"><![CDATA[Scenario Variable.View]]></Field>
 <Field name="RefObjFQType" type="java.lang.String"><![CDATA[SNP_OBJECT.SNP_METHOD]]></Field>
 <Field name="RefObjFQNameLengths" type="java.lang.String"><![CDATA[17.4]]></Field>
</Object>
<Object class="com.sunopsis.dwg.dbobj.SnpFKXRef">
		<Field name="RefKey" type="java.lang.String"><![CDATA[SNP_METHOD.40000]]></Field>
	<Field name="RefObjGlobalId" type="java.lang.String"><![CDATA[a31d85cb-ddf8-375e-ba2f-3d844bd7c325]]></Field>
 <Field name="RefObjFQName" type="java.lang.String"><![CDATA[Session Folder.Edit...]]></Field>
 <Field name="RefObjFQType" type="java.lang.String"><![CDATA[SNP_OBJECT.SNP_METHOD]]></Field>
 <Field name="RefObjFQNameLengths" type="java.lang.String"><![CDATA[14.7]]></Field>
</Object>
<Object class="com.sunopsis.dwg.dbobj.SnpFKXRef">
		<Field name="RefKey" type="java.lang.String"><![CDATA[SNP_METHOD.50100]]></Field>
	<Field name="RefObjGlobalId" type="java.lang.String"><![CDATA[02b07d49-d904-38bd-800c-85b8dba21aea]]></Field>
 <Field name="RefObjFQName" type="java.lang.String"><![CDATA[Scenario.Decrypt...]]></Field>
 <Field name="RefObjFQType" type="java.lang.String"><![CDATA[SNP_OBJECT.SNP_METHOD]]></Field>
 <Field name="RefObjFQNameLengths" type="java.lang.String"><![CDATA[8.10]]></Field>
</Object>
<Object class="com.sunopsis.dwg.dbobj.SnpFKXRef">
		<Field name="RefKey" type="java.lang.String"><![CDATA[SNP_METHOD.50000]]></Field>
	<Field name="RefObjGlobalId" type="java.lang.String"><![CDATA[81a4ee5a-a9fb-3d5f-a797-4ca034207aa0]]></Field>
 <Field name="RefObjFQName" type="java.lang.String"><![CDATA[Scenario.Encrypt...]]></Field>
 <Field name="RefObjFQType" type="java.lang.String"><![CDATA[SNP_OBJECT.SNP_METHOD]]></Field>
 <Field name="RefObjFQNameLengths" type="java.lang.String"><![CDATA[8.10]]></Field>
</Object>
<Object class="com.sunopsis.dwg.dbobj.SnpFKXRef">
		<Field name="RefKey" type="java.lang.String"><![CDATA[SNP_METHOD.61600]]></Field>
	<Field name="RefObjGlobalId" type="java.lang.String"><![CDATA[4fdfa4ed-cb5a-374a-ace9-d74b2fa838f0]]></Field>
 <Field name="RefObjFQName" type="java.lang.String"><![CDATA[Load Plan.New]]></Field>
 <Field name="RefObjFQType" type="java.lang.String"><![CDATA[SNP_OBJECT.SNP_METHOD]]></Field>
 <Field name="RefObjFQNameLengths" type="java.lang.String"><![CDATA[9.3]]></Field>
</Object>
<Object class="com.sunopsis.dwg.dbobj.SnpFKXRef">
		<Field name="RefKey" type="java.lang.String"><![CDATA[SNP_METHOD.60000]]></Field>
	<Field name="RefObjGlobalId" type="java.lang.String"><![CDATA[b473dd9a-a695-3c59-a80a-59e5246a5795]]></Field>
 <Field name="RefObjFQName" type="java.lang.String"><![CDATA[Load Plan.Edit...]]></Field>
 <Field name="RefObjFQType" type="java.lang.String"><![CDATA[SNP_OBJECT.SNP_METHOD]]></Field>
 <Field name="RefObjFQNameLengths" type="java.lang.String"><![CDATA[9.7]]></Field>
</Object>
<Object class="com.sunopsis.dwg.dbobj.SnpFKXRef">
		<Field name="RefKey" type="java.lang.String"><![CDATA[SNP_METHOD.60100]]></Field>
	<Field name="RefObjGlobalId" type="java.lang.String"><![CDATA[65b97ecb-c3d9-3ddb-8cf8-83d221a49253]]></Field>
 <Field name="RefObjFQName" type="java.lang.String"><![CDATA[Load Plan.View]]></Field>
 <Field name="RefObjFQType" type="java.lang.String"><![CDATA[SNP_OBJECT.SNP_METHOD]]></Field>
 <Field name="RefObjFQNameLengths" type="java.lang.String"><![CDATA[9.4]]></Field>
</Object>
<Object class="com.sunopsis.dwg.dbobj.SnpFKXRef">
		<Field name="RefKey" type="java.lang.String"><![CDATA[SNP_METHOD.59900]]></Field>
	<Field name="RefObjGlobalId" type="java.lang.String"><![CDATA[17e77949-a316-381d-b004-5001f9bed192]]></Field>
 <Field name="RefObjFQName" type="java.lang.String"><![CDATA[Load Plan.Import Load Plan...]]></Field>
 <Field name="RefObjFQType" type="java.lang.String"><![CDATA[SNP_OBJECT.SNP_METHOD]]></Field>
 <Field name="RefObjFQNameLengths" type="java.lang.String"><![CDATA[9.19]]></Field>
</Object>
<Object class="com.sunopsis.dwg.dbobj.SnpFKXRef">
		<Field name="RefKey" type="java.lang.String"><![CDATA[SNP_METHOD.60200]]></Field>
	<Field name="RefObjGlobalId" type="java.lang.String"><![CDATA[aaa4bae7-3489-3919-bfe2-9e307b4cd584]]></Field>
 <Field name="RefObjFQName" type="java.lang.String"><![CDATA[Load Plan.Duplicate]]></Field>
 <Field name="RefObjFQType" type="java.lang.String"><![CDATA[SNP_OBJECT.SNP_METHOD]]></Field>
 <Field name="RefObjFQNameLengths" type="java.lang.String"><![CDATA[9.9]]></Field>
</Object>
<Object class="com.sunopsis.dwg.dbobj.SnpFKXRef">
		<Field name="RefKey" type="java.lang.String"><![CDATA[SNP_METHOD.60300]]></Field>
	<Field name="RefObjGlobalId" type="java.lang.String"><![CDATA[ac08bdab-3e4e-3765-9805-3021b9223892]]></Field>
 <Field name="RefObjFQName" type="java.lang.String"><![CDATA[Load Plan.Delete]]></Field>
 <Field name="RefObjFQType" type="java.lang.String"><![CDATA[SNP_OBJECT.SNP_METHOD]]></Field>
 <Field name="RefObjFQNameLengths" type="java.lang.String"><![CDATA[9.6]]></Field>
</Object>
<Object class="com.sunopsis.dwg.dbobj.SnpFKXRef">
		<Field name="RefKey" type="java.lang.String"><![CDATA[SNP_METHOD.60400]]></Field>
	<Field name="RefObjGlobalId" type="java.lang.String"><![CDATA[811a68e7-411b-3512-a31a-9f6efae71a27]]></Field>
 <Field name="RefObjFQName" type="java.lang.String"><![CDATA[Load Plan.Execute]]></Field>
 <Field name="RefObjFQType" type="java.lang.String"><![CDATA[SNP_OBJECT.SNP_METHOD]]></Field>
 <Field name="RefObjFQNameLengths" type="java.lang.String"><![CDATA[9.7]]></Field>
</Object>
<Object class="com.sunopsis.dwg.dbobj.SnpFKXRef">
		<Field name="RefKey" type="java.lang.String"><![CDATA[SNP_METHOD.60500]]></Field>
	<Field name="RefObjGlobalId" type="java.lang.String"><![CDATA[784dd6cf-e139-35cd-99e2-332720312df6]]></Field>
 <Field name="RefObjFQName" type="java.lang.String"><![CDATA[Load Plan.Export...]]></Field>
 <Field name="RefObjFQType" type="java.lang.String"><![CDATA[SNP_OBJECT.SNP_METHOD]]></Field>
 <Field name="RefObjFQNameLengths" type="java.lang.String"><![CDATA[9.9]]></Field>
</Object>
<Object class="com.sunopsis.dwg.dbobj.SnpFKXRef">
		<Field name="RefKey" type="java.lang.String"><![CDATA[SNP_METHOD.60900]]></Field>
	<Field name="RefObjGlobalId" type="java.lang.String"><![CDATA[967c729a-4400-3bb6-8713-cf258ddefe9e]]></Field>
 <Field name="RefObjFQName" type="java.lang.String"><![CDATA[Load Plan Instance Run.Edit...]]></Field>
 <Field name="RefObjFQType" type="java.lang.String"><![CDATA[SNP_OBJECT.SNP_METHOD]]></Field>
 <Field name="RefObjFQNameLengths" type="java.lang.String"><![CDATA[22.7]]></Field>
</Object>
<Object class="com.sunopsis.dwg.dbobj.SnpFKXRef">
		<Field name="RefKey" type="java.lang.String"><![CDATA[SNP_METHOD.60700]]></Field>
	<Field name="RefObjGlobalId" type="java.lang.String"><![CDATA[b008e6cb-5abe-3351-8ae4-afede03da602]]></Field>
 <Field name="RefObjFQName" type="java.lang.String"><![CDATA[Load Plan.Create Version...]]></Field>
 <Field name="RefObjFQType" type="java.lang.String"><![CDATA[SNP_OBJECT.SNP_METHOD]]></Field>
 <Field name="RefObjFQNameLengths" type="java.lang.String"><![CDATA[9.17]]></Field>
</Object>
<Object class="com.sunopsis.dwg.dbobj.SnpFKXRef">
		<Field name="RefKey" type="java.lang.String"><![CDATA[SNP_METHOD.61000]]></Field>
	<Field name="RefObjGlobalId" type="java.lang.String"><![CDATA[cced951e-6f66-3cf2-abda-643863ee8e5c]]></Field>
 <Field name="RefObjFQName" type="java.lang.String"><![CDATA[Load Plan Instance Run.View]]></Field>
 <Field name="RefObjFQType" type="java.lang.String"><![CDATA[SNP_OBJECT.SNP_METHOD]]></Field>
 <Field name="RefObjFQNameLengths" type="java.lang.String"><![CDATA[22.4]]></Field>
</Object>
<Object class="com.sunopsis.dwg.dbobj.SnpFKXRef">
		<Field name="RefKey" type="java.lang.String"><![CDATA[SNP_METHOD.61100]]></Field>
	<Field name="RefObjGlobalId" type="java.lang.String"><![CDATA[baad3bfd-97db-3d63-94cf-d99542ce50f7]]></Field>
 <Field name="RefObjFQName" type="java.lang.String"><![CDATA[Load Plan Instance Run.Delete]]></Field>
 <Field name="RefObjFQType" type="java.lang.String"><![CDATA[SNP_OBJECT.SNP_METHOD]]></Field>
 <Field name="RefObjFQNameLengths" type="java.lang.String"><![CDATA[22.6]]></Field>
</Object>
<Object class="com.sunopsis.dwg.dbobj.SnpFKXRef">
		<Field name="RefKey" type="java.lang.String"><![CDATA[SNP_METHOD.61300]]></Field>
	<Field name="RefObjGlobalId" type="java.lang.String"><![CDATA[d396ffef-5918-397a-a8b4-f43756d4fe0b]]></Field>
 <Field name="RefObjFQName" type="java.lang.String"><![CDATA[Load Plan Instance Run.Stop Normal]]></Field>
 <Field name="RefObjFQType" type="java.lang.String"><![CDATA[SNP_OBJECT.SNP_METHOD]]></Field>
 <Field name="RefObjFQNameLengths" type="java.lang.String"><![CDATA[22.11]]></Field>
</Object>
<Object class="com.sunopsis.dwg.dbobj.SnpFKXRef">
		<Field name="RefKey" type="java.lang.String"><![CDATA[SNP_METHOD.61400]]></Field>
	<Field name="RefObjGlobalId" type="java.lang.String"><![CDATA[a32fa157-fde5-318f-981e-1b5f2a5d476a]]></Field>
 <Field name="RefObjFQName" type="java.lang.String"><![CDATA[Load Plan Instance Run.Stop Immediate]]></Field>
 <Field name="RefObjFQType" type="java.lang.String"><![CDATA[SNP_OBJECT.SNP_METHOD]]></Field>
 <Field name="RefObjFQNameLengths" type="java.lang.String"><![CDATA[22.14]]></Field>
</Object>
<Object class="com.sunopsis.dwg.dbobj.SnpFKXRef">
		<Field name="RefKey" type="java.lang.String"><![CDATA[SNP_METHOD.61200]]></Field>
	<Field name="RefObjGlobalId" type="java.lang.String"><![CDATA[1a12a188-e202-3ac7-982c-743fc1e9517f]]></Field>
 <Field name="RefObjFQName" type="java.lang.String"><![CDATA[Load Plan Instance Run.Restart]]></Field>
 <Field name="RefObjFQType" type="java.lang.String"><![CDATA[SNP_OBJECT.SNP_METHOD]]></Field>
 <Field name="RefObjFQNameLengths" type="java.lang.String"><![CDATA[22.7]]></Field>
</Object>
<Object class="com.sunopsis.dwg.dbobj.SnpFKXRef">
		<Field name="RefKey" type="java.lang.String"><![CDATA[SNP_METHOD.6000]]></Field>
	<Field name="RefObjGlobalId" type="java.lang.String"><![CDATA[6bb4b388-eb2d-3425-9187-d245e433661f]]></Field>
 <Field name="RefObjFQName" type="java.lang.String"><![CDATA[Agent.View]]></Field>
 <Field name="RefObjFQType" type="java.lang.String"><![CDATA[SNP_OBJECT.SNP_METHOD]]></Field>
 <Field name="RefObjFQNameLengths" type="java.lang.String"><![CDATA[5.4]]></Field>
</Object>
<Object class="com.sunopsis.dwg.dbobj.SnpFKXRef">
		<Field name="RefKey" type="java.lang.String"><![CDATA[SNP_METHOD.5700]]></Field>
	<Field name="RefObjGlobalId" type="java.lang.String"><![CDATA[fda8ba05-73fe-33cc-8faa-45c36a7fb103]]></Field>
 <Field name="RefObjFQName" type="java.lang.String"><![CDATA[Agent.Edit...]]></Field>
 <Field name="RefObjFQType" type="java.lang.String"><![CDATA[SNP_OBJECT.SNP_METHOD]]></Field>
 <Field name="RefObjFQNameLengths" type="java.lang.String"><![CDATA[5.7]]></Field>
</Object>
<Object class="com.sunopsis.dwg.dbobj.SnpFKXRef">
		<Field name="RefKey" type="java.lang.String"><![CDATA[SNP_METHOD.37600]]></Field>
	<Field name="RefObjGlobalId" type="java.lang.String"><![CDATA[4e2d81a2-3658-36f2-823b-4178711f0e8f]]></Field>
 <Field name="RefObjFQName" type="java.lang.String"><![CDATA[Agent.Update Schedule]]></Field>
 <Field name="RefObjFQType" type="java.lang.String"><![CDATA[SNP_OBJECT.SNP_METHOD]]></Field>
 <Field name="RefObjFQNameLengths" type="java.lang.String"><![CDATA[5.15]]></Field>
</Object>
<Object class="com.sunopsis.dwg.dbobj.SnpFKXRef">
		<Field name="RefKey" type="java.lang.String"><![CDATA[SNP_METHOD.37700]]></Field>
	<Field name="RefObjGlobalId" type="java.lang.String"><![CDATA[7a1e31b6-bdf6-35d7-aefe-2f0533f7174a]]></Field>
 <Field name="RefObjFQName" type="java.lang.String"><![CDATA[Agent.View Schedule...]]></Field>
 <Field name="RefObjFQType" type="java.lang.String"><![CDATA[SNP_OBJECT.SNP_METHOD]]></Field>
 <Field name="RefObjFQNameLengths" type="java.lang.String"><![CDATA[5.16]]></Field>
</Object>
<Object class="com.sunopsis.dwg.dbobj.SnpFKXRef">
		<Field name="RefKey" type="java.lang.String"><![CDATA[SNP_METHOD.37800]]></Field>
	<Field name="RefObjGlobalId" type="java.lang.String"><![CDATA[6e3e8699-019d-35cb-a878-89e8aba24b87]]></Field>
 <Field name="RefObjFQName" type="java.lang.String"><![CDATA[Agent.Test]]></Field>
 <Field name="RefObjFQType" type="java.lang.String"><![CDATA[SNP_OBJECT.SNP_METHOD]]></Field>
 <Field name="RefObjFQNameLengths" type="java.lang.String"><![CDATA[5.4]]></Field>
</Object>
<Object class="com.sunopsis.dwg.dbobj.SnpFKXRef">
		<Field name="RefKey" type="java.lang.String"><![CDATA[SNP_METHOD.16900]]></Field>
	<Field name="RefObjGlobalId" type="java.lang.String"><![CDATA[618e8ff7-44b8-3b91-8129-fc0e308e41eb]]></Field>
 <Field name="RefObjFQName" type="java.lang.String"><![CDATA[Session.Edit...]]></Field>
 <Field name="RefObjFQType" type="java.lang.String"><![CDATA[SNP_OBJECT.SNP_METHOD]]></Field>
 <Field name="RefObjFQNameLengths" type="java.lang.String"><![CDATA[7.7]]></Field>
</Object>
<Object class="com.sunopsis.dwg.dbobj.SnpFKXRef">
		<Field name="RefKey" type="java.lang.String"><![CDATA[SNP_METHOD.17000]]></Field>
	<Field name="RefObjGlobalId" type="java.lang.String"><![CDATA[1f935e1f-bcc2-3ab2-a12b-9afe30e1a57a]]></Field>
 <Field name="RefObjFQName" type="java.lang.String"><![CDATA[Session.View]]></Field>
 <Field name="RefObjFQType" type="java.lang.String"><![CDATA[SNP_OBJECT.SNP_METHOD]]></Field>
 <Field name="RefObjFQNameLengths" type="java.lang.String"><![CDATA[7.4]]></Field>
</Object>
<Object class="com.sunopsis.dwg.dbobj.SnpFKXRef">
		<Field name="RefKey" type="java.lang.String"><![CDATA[SNP_METHOD.18200]]></Field>
	<Field name="RefObjGlobalId" type="java.lang.String"><![CDATA[de0a757b-2cfc-35fc-bd2f-30f4e19cd4ce]]></Field>
 <Field name="RefObjFQName" type="java.lang.String"><![CDATA[Session.Delete]]></Field>
 <Field name="RefObjFQType" type="java.lang.String"><![CDATA[SNP_OBJECT.SNP_METHOD]]></Field>
 <Field name="RefObjFQNameLengths" type="java.lang.String"><![CDATA[7.6]]></Field>
</Object>
<Object class="com.sunopsis.dwg.dbobj.SnpFKXRef">
		<Field name="RefKey" type="java.lang.String"><![CDATA[SNP_METHOD.34100]]></Field>
	<Field name="RefObjGlobalId" type="java.lang.String"><![CDATA[934e68b2-c905-3cd2-a21a-1aab07531c5c]]></Field>
 <Field name="RefObjFQName" type="java.lang.String"><![CDATA[Session.Stop Normal]]></Field>
 <Field name="RefObjFQType" type="java.lang.String"><![CDATA[SNP_OBJECT.SNP_METHOD]]></Field>
 <Field name="RefObjFQNameLengths" type="java.lang.String"><![CDATA[7.11]]></Field>
</Object>
<Object class="com.sunopsis.dwg.dbobj.SnpFKXRef">
		<Field name="RefKey" type="java.lang.String"><![CDATA[SNP_METHOD.17100]]></Field>
	<Field name="RefObjGlobalId" type="java.lang.String"><![CDATA[576c5d71-ea3f-31c7-888c-e5d025cf7d62]]></Field>
 <Field name="RefObjFQName" type="java.lang.String"><![CDATA[Step Log.Edit...]]></Field>
 <Field name="RefObjFQType" type="java.lang.String"><![CDATA[SNP_OBJECT.SNP_METHOD]]></Field>
 <Field name="RefObjFQNameLengths" type="java.lang.String"><![CDATA[8.7]]></Field>
</Object>
<Object class="com.sunopsis.dwg.dbobj.SnpFKXRef">
		<Field name="RefKey" type="java.lang.String"><![CDATA[SNP_METHOD.17200]]></Field>
	<Field name="RefObjGlobalId" type="java.lang.String"><![CDATA[1b4bbe7d-fcbf-3b08-af3e-293c07361acd]]></Field>
 <Field name="RefObjFQName" type="java.lang.String"><![CDATA[Step Log.View]]></Field>
 <Field name="RefObjFQType" type="java.lang.String"><![CDATA[SNP_OBJECT.SNP_METHOD]]></Field>
 <Field name="RefObjFQNameLengths" type="java.lang.String"><![CDATA[8.4]]></Field>
</Object>
<Object class="com.sunopsis.dwg.dbobj.SnpFKXRef">
		<Field name="RefKey" type="java.lang.String"><![CDATA[SNP_METHOD.17300]]></Field>
	<Field name="RefObjGlobalId" type="java.lang.String"><![CDATA[9e60fbc4-6a78-3f12-b5c8-0411734f375f]]></Field>
 <Field name="RefObjFQName" type="java.lang.String"><![CDATA[Session Task.Edit...]]></Field>
 <Field name="RefObjFQType" type="java.lang.String"><![CDATA[SNP_OBJECT.SNP_METHOD]]></Field>
 <Field name="RefObjFQNameLengths" type="java.lang.String"><![CDATA[12.7]]></Field>
</Object>
<Object class="com.sunopsis.dwg.dbobj.SnpFKXRef">
		<Field name="RefKey" type="java.lang.String"><![CDATA[SNP_METHOD.17400]]></Field>
	<Field name="RefObjGlobalId" type="java.lang.String"><![CDATA[3b6cadd0-52ba-3847-abb4-ceba1f3ce7a7]]></Field>
 <Field name="RefObjFQName" type="java.lang.String"><![CDATA[Session Task.View]]></Field>
 <Field name="RefObjFQType" type="java.lang.String"><![CDATA[SNP_OBJECT.SNP_METHOD]]></Field>
 <Field name="RefObjFQNameLengths" type="java.lang.String"><![CDATA[12.4]]></Field>
</Object>
<Object class="com.sunopsis.dwg.dbobj.SnpFKXRef">
		<Field name="RefKey" type="java.lang.String"><![CDATA[SNP_METHOD.18000]]></Field>
	<Field name="RefObjGlobalId" type="java.lang.String"><![CDATA[dae9d8fc-b109-39b9-9e07-25534d6777a3]]></Field>
 <Field name="RefObjFQName" type="java.lang.String"><![CDATA[Session Task Log.Edit...]]></Field>
 <Field name="RefObjFQType" type="java.lang.String"><![CDATA[SNP_OBJECT.SNP_METHOD]]></Field>
 <Field name="RefObjFQNameLengths" type="java.lang.String"><![CDATA[16.7]]></Field>
</Object>
<Object class="com.sunopsis.dwg.dbobj.SnpFKXRef">
		<Field name="RefKey" type="java.lang.String"><![CDATA[SNP_METHOD.18500]]></Field>
	<Field name="RefObjGlobalId" type="java.lang.String"><![CDATA[0e917d7f-6f17-3b94-96f6-afd7846e339b]]></Field>
 <Field name="RefObjFQName" type="java.lang.String"><![CDATA[Scheduling.Open]]></Field>
 <Field name="RefObjFQType" type="java.lang.String"><![CDATA[SNP_OBJECT.SNP_METHOD]]></Field>
 <Field name="RefObjFQNameLengths" type="java.lang.String"><![CDATA[10.4]]></Field>
</Object>
<Object class="com.sunopsis.dwg.dbobj.SnpFKXRef">
		<Field name="RefKey" type="java.lang.String"><![CDATA[SNP_METHOD.18600]]></Field>
	<Field name="RefObjGlobalId" type="java.lang.String"><![CDATA[decced9c-b0d0-39a0-97e7-34649a303e98]]></Field>
 <Field name="RefObjFQName" type="java.lang.String"><![CDATA[Scheduling.Delete]]></Field>
 <Field name="RefObjFQType" type="java.lang.String"><![CDATA[SNP_OBJECT.SNP_METHOD]]></Field>
 <Field name="RefObjFQNameLengths" type="java.lang.String"><![CDATA[10.6]]></Field>
</Object>
<Object class="com.sunopsis.dwg.dbobj.SnpFKXRef">
		<Field name="RefKey" type="java.lang.String"><![CDATA[SNP_METHOD.18700]]></Field>
	<Field name="RefObjGlobalId" type="java.lang.String"><![CDATA[e552d016-96e2-38d3-b6bc-d810e5eff4bd]]></Field>
 <Field name="RefObjFQName" type="java.lang.String"><![CDATA[Scheduling.New]]></Field>
 <Field name="RefObjFQType" type="java.lang.String"><![CDATA[SNP_OBJECT.SNP_METHOD]]></Field>
 <Field name="RefObjFQNameLengths" type="java.lang.String"><![CDATA[10.3]]></Field>
</Object>
<Object class="com.sunopsis.dwg.dbobj.SnpFKXRef">
		<Field name="RefKey" type="java.lang.String"><![CDATA[SNP_METHOD.18900]]></Field>
	<Field name="RefObjGlobalId" type="java.lang.String"><![CDATA[6ec957d3-c33f-3f6b-b5df-7e8422690d35]]></Field>
 <Field name="RefObjFQName" type="java.lang.String"><![CDATA[Scheduling.View]]></Field>
 <Field name="RefObjFQType" type="java.lang.String"><![CDATA[SNP_OBJECT.SNP_METHOD]]></Field>
 <Field name="RefObjFQNameLengths" type="java.lang.String"><![CDATA[10.4]]></Field>
</Object>
<Object class="com.sunopsis.dwg.dbobj.SnpFKXRef">
		<Field name="RefKey" type="java.lang.String"><![CDATA[SNP_METHOD.19000]]></Field>
	<Field name="RefObjGlobalId" type="java.lang.String"><![CDATA[891db995-412b-3a7d-b845-f80762b4ef39]]></Field>
 <Field name="RefObjFQName" type="java.lang.String"><![CDATA[Scenario.Open]]></Field>
 <Field name="RefObjFQType" type="java.lang.String"><![CDATA[SNP_OBJECT.SNP_METHOD]]></Field>
 <Field name="RefObjFQNameLengths" type="java.lang.String"><![CDATA[8.4]]></Field>
</Object>
<Object class="com.sunopsis.dwg.dbobj.SnpFKXRef">
		<Field name="RefKey" type="java.lang.String"><![CDATA[SNP_METHOD.19100]]></Field>
	<Field name="RefObjGlobalId" type="java.lang.String"><![CDATA[72a42498-940f-3f45-9d98-2ad7dd390176]]></Field>
 <Field name="RefObjFQName" type="java.lang.String"><![CDATA[Scenario.Delete]]></Field>
 <Field name="RefObjFQType" type="java.lang.String"><![CDATA[SNP_OBJECT.SNP_METHOD]]></Field>
 <Field name="RefObjFQNameLengths" type="java.lang.String"><![CDATA[8.6]]></Field>
</Object>
<Object class="com.sunopsis.dwg.dbobj.SnpFKXRef">
		<Field name="RefKey" type="java.lang.String"><![CDATA[SNP_METHOD.22700]]></Field>
	<Field name="RefObjGlobalId" type="java.lang.String"><![CDATA[c2caf38b-1f90-3502-a7dd-25988bf0d663]]></Field>
 <Field name="RefObjFQName" type="java.lang.String"><![CDATA[Scenario.View]]></Field>
 <Field name="RefObjFQType" type="java.lang.String"><![CDATA[SNP_OBJECT.SNP_METHOD]]></Field>
 <Field name="RefObjFQNameLengths" type="java.lang.String"><![CDATA[8.4]]></Field>
</Object>
<Object class="com.sunopsis.dwg.dbobj.SnpFKXRef">
		<Field name="RefKey" type="java.lang.String"><![CDATA[SNP_METHOD.29100]]></Field>
	<Field name="RefObjGlobalId" type="java.lang.String"><![CDATA[6e569456-83f1-3215-87f6-e95f946394b0]]></Field>
 <Field name="RefObjFQName" type="java.lang.String"><![CDATA[Scenario.Execute]]></Field>
 <Field name="RefObjFQType" type="java.lang.String"><![CDATA[SNP_OBJECT.SNP_METHOD]]></Field>
 <Field name="RefObjFQNameLengths" type="java.lang.String"><![CDATA[8.7]]></Field>
</Object>
<Object class="com.sunopsis.dwg.dbobj.SnpFKXRef">
		<Field name="RefKey" type="java.lang.String"><![CDATA[SNP_METHOD.32000]]></Field>
	<Field name="RefObjGlobalId" type="java.lang.String"><![CDATA[5b3bdd79-6a73-3293-a9b3-171a9c4a1a78]]></Field>
 <Field name="RefObjFQName" type="java.lang.String"><![CDATA[Scenario.Import Scenario...]]></Field>
 <Field name="RefObjFQType" type="java.lang.String"><![CDATA[SNP_OBJECT.SNP_METHOD]]></Field>
 <Field name="RefObjFQNameLengths" type="java.lang.String"><![CDATA[8.18]]></Field>
</Object>
<Object class="com.sunopsis.dwg.dbobj.SnpFKXRef">
		<Field name="RefKey" type="java.lang.String"><![CDATA[SNP_METHOD.32200]]></Field>
	<Field name="RefObjGlobalId" type="java.lang.String"><![CDATA[ab3c2509-56dc-3279-84b5-26ea86e7b1f6]]></Field>
 <Field name="RefObjFQName" type="java.lang.String"><![CDATA[Scenario.Export...]]></Field>
 <Field name="RefObjFQType" type="java.lang.String"><![CDATA[SNP_OBJECT.SNP_METHOD]]></Field>
 <Field name="RefObjFQNameLengths" type="java.lang.String"><![CDATA[8.9]]></Field>
</Object>
<Object class="com.sunopsis.dwg.dbobj.SnpFKXRef">
		<Field name="RefKey" type="java.lang.String"><![CDATA[SNP_METHOD.38900]]></Field>
	<Field name="RefObjGlobalId" type="java.lang.String"><![CDATA[ea7a53de-7466-3fcb-ac51-c23bb058e73b]]></Field>
 <Field name="RefObjFQName" type="java.lang.String"><![CDATA[Scenario.Regenerate...]]></Field>
 <Field name="RefObjFQType" type="java.lang.String"><![CDATA[SNP_OBJECT.SNP_METHOD]]></Field>
 <Field name="RefObjFQNameLengths" type="java.lang.String"><![CDATA[8.13]]></Field>
</Object>
<Object class="com.sunopsis.dwg.dbobj.SnpFKXRef">
		<Field name="RefKey" type="java.lang.String"><![CDATA[SNP_METHOD.29900]]></Field>
	<Field name="RefObjGlobalId" type="java.lang.String"><![CDATA[aed07521-414f-3041-bd86-e673132dcadc]]></Field>
 <Field name="RefObjFQName" type="java.lang.String"><![CDATA[Scenario Report.Edit...]]></Field>
 <Field name="RefObjFQType" type="java.lang.String"><![CDATA[SNP_OBJECT.SNP_METHOD]]></Field>
 <Field name="RefObjFQNameLengths" type="java.lang.String"><![CDATA[15.7]]></Field>
</Object>
<Object class="com.sunopsis.dwg.dbobj.SnpFKXRef">
		<Field name="RefKey" type="java.lang.String"><![CDATA[SNP_METHOD.30000]]></Field>
	<Field name="RefObjGlobalId" type="java.lang.String"><![CDATA[76774477-997b-3de2-9383-a9525ee80b35]]></Field>
 <Field name="RefObjFQName" type="java.lang.String"><![CDATA[Scenario Report.Delete]]></Field>
 <Field name="RefObjFQType" type="java.lang.String"><![CDATA[SNP_OBJECT.SNP_METHOD]]></Field>
 <Field name="RefObjFQNameLengths" type="java.lang.String"><![CDATA[15.6]]></Field>
</Object>
<Object class="com.sunopsis.dwg.dbobj.SnpFKXRef">
		<Field name="RefKey" type="java.lang.String"><![CDATA[SNP_METHOD.30100]]></Field>
	<Field name="RefObjGlobalId" type="java.lang.String"><![CDATA[f25ad136-3cbe-34f3-a083-678e5a0aac1a]]></Field>
 <Field name="RefObjFQName" type="java.lang.String"><![CDATA[Step Report.Delete]]></Field>
 <Field name="RefObjFQType" type="java.lang.String"><![CDATA[SNP_OBJECT.SNP_METHOD]]></Field>
 <Field name="RefObjFQNameLengths" type="java.lang.String"><![CDATA[11.6]]></Field>
</Object>
<Object class="com.sunopsis.dwg.dbobj.SnpFKXRef">
		<Field name="RefKey" type="java.lang.String"><![CDATA[SNP_METHOD.32800]]></Field>
	<Field name="RefObjGlobalId" type="java.lang.String"><![CDATA[dc400d36-2a0a-35c2-8c89-1b3cf3375ce2]]></Field>
 <Field name="RefObjFQName" type="java.lang.String"><![CDATA[Scenario Variable.Edit...]]></Field>
 <Field name="RefObjFQType" type="java.lang.String"><![CDATA[SNP_OBJECT.SNP_METHOD]]></Field>
 <Field name="RefObjFQNameLengths" type="java.lang.String"><![CDATA[17.7]]></Field>
</Object>
<Object class="com.sunopsis.dwg.dbobj.SnpFKXRef">
		<Field name="RefKey" type="java.lang.String"><![CDATA[SNP_METHOD.38500]]></Field>
	<Field name="RefObjGlobalId" type="java.lang.String"><![CDATA[2e7cce36-d12b-3448-87fa-89fe34ea1934]]></Field>
 <Field name="RefObjFQName" type="java.lang.String"><![CDATA[Session Variable.Edit...]]></Field>
 <Field name="RefObjFQType" type="java.lang.String"><![CDATA[SNP_OBJECT.SNP_METHOD]]></Field>
 <Field name="RefObjFQNameLengths" type="java.lang.String"><![CDATA[16.7]]></Field>
</Object>
<Object class="com.sunopsis.dwg.dbobj.SnpFKXRef">
		<Field name="RefKey" type="java.lang.String"><![CDATA[SNP_METHOD.38600]]></Field>
	<Field name="RefObjGlobalId" type="java.lang.String"><![CDATA[4be2efcd-1072-3da1-88f8-d0c70bca2b09]]></Field>
 <Field name="RefObjFQName" type="java.lang.String"><![CDATA[Session Variable.Edit in a New Window...]]></Field>
 <Field name="RefObjFQType" type="java.lang.String"><![CDATA[SNP_OBJECT.SNP_METHOD]]></Field>
 <Field name="RefObjFQNameLengths" type="java.lang.String"><![CDATA[16.23]]></Field>
</Object>
<Object class="com.sunopsis.dwg.dbobj.SnpFKXRef">
		<Field name="RefKey" type="java.lang.String"><![CDATA[SNP_METHOD.38700]]></Field>
	<Field name="RefObjGlobalId" type="java.lang.String"><![CDATA[58cae973-0e5a-3a1a-8160-12043693e557]]></Field>
 <Field name="RefObjFQName" type="java.lang.String"><![CDATA[Session Variable.View]]></Field>
 <Field name="RefObjFQType" type="java.lang.String"><![CDATA[SNP_OBJECT.SNP_METHOD]]></Field>
 <Field name="RefObjFQNameLengths" type="java.lang.String"><![CDATA[16.4]]></Field>
</Object>
<Object class="com.sunopsis.dwg.dbobj.SnpFKXRef">
		<Field name="RefKey" type="java.lang.String"><![CDATA[SNP_METHOD.39900]]></Field>
	<Field name="RefObjGlobalId" type="java.lang.String"><![CDATA[99b5345e-d8e5-38d2-bddf-15a9fb7874e7]]></Field>
 <Field name="RefObjFQName" type="java.lang.String"><![CDATA[Session Folder.New]]></Field>
 <Field name="RefObjFQType" type="java.lang.String"><![CDATA[SNP_OBJECT.SNP_METHOD]]></Field>
 <Field name="RefObjFQNameLengths" type="java.lang.String"><![CDATA[14.3]]></Field>
</Object>
<Object class="com.sunopsis.dwg.dbobj.SnpFKXRef">
		<Field name="RefKey" type="java.lang.String"><![CDATA[SNP_METHOD.40200]]></Field>
	<Field name="RefObjGlobalId" type="java.lang.String"><![CDATA[eb2f9132-95b8-31a8-b5fc-21688d6db790]]></Field>
 <Field name="RefObjFQName" type="java.lang.String"><![CDATA[Session Folder.View]]></Field>
 <Field name="RefObjFQType" type="java.lang.String"><![CDATA[SNP_OBJECT.SNP_METHOD]]></Field>
 <Field name="RefObjFQNameLengths" type="java.lang.String"><![CDATA[14.4]]></Field>
</Object>
<Object class="com.sunopsis.dwg.dbobj.SnpFKXRef">
		<Field name="RefKey" type="java.lang.String"><![CDATA[SNP_METHOD.40300]]></Field>
	<Field name="RefObjGlobalId" type="java.lang.String"><![CDATA[aae6388f-0369-323f-a869-cb583bf04a50]]></Field>
 <Field name="RefObjFQName" type="java.lang.String"><![CDATA[Session Folder.Delete]]></Field>
 <Field name="RefObjFQType" type="java.lang.String"><![CDATA[SNP_OBJECT.SNP_METHOD]]></Field>
 <Field name="RefObjFQNameLengths" type="java.lang.String"><![CDATA[14.6]]></Field>
</Object>
<Object class="com.sunopsis.dwg.dbobj.SnpFKXRef">
		<Field name="RefKey" type="java.lang.String"><![CDATA[SNP_METHOD.59500]]></Field>
	<Field name="RefObjGlobalId" type="java.lang.String"><![CDATA[7fcb76f1-7445-3c2e-89d5-efc15e4b5e3e]]></Field>
 <Field name="RefObjFQName" type="java.lang.String"><![CDATA[Session.Stop Immediate]]></Field>
 <Field name="RefObjFQType" type="java.lang.String"><![CDATA[SNP_OBJECT.SNP_METHOD]]></Field>
 <Field name="RefObjFQNameLengths" type="java.lang.String"><![CDATA[7.14]]></Field>
</Object>
<Object class="com.sunopsis.dwg.dbobj.SnpFKXRef">
		<Field name="RefKey" type="java.lang.String"><![CDATA[SNP_METHOD.59700]]></Field>
	<Field name="RefObjGlobalId" type="java.lang.String"><![CDATA[8c9edd87-2d29-332d-a771-4de851d63a9d]]></Field>
 <Field name="RefObjFQName" type="java.lang.String"><![CDATA[Agent.Clean Stale Sessions]]></Field>
 <Field name="RefObjFQType" type="java.lang.String"><![CDATA[SNP_OBJECT.SNP_METHOD]]></Field>
 <Field name="RefObjFQNameLengths" type="java.lang.String"><![CDATA[5.20]]></Field>
</Object>
<Object class="com.sunopsis.dwg.dbobj.SnpFKXRef">
		<Field name="RefKey" type="java.lang.String"><![CDATA[SNP_METHOD.52800]]></Field>
	<Field name="RefObjGlobalId" type="java.lang.String"><![CDATA[776fe6c9-6c28-3891-a152-ade0cf9cd590]]></Field>
 <Field name="RefObjFQName" type="java.lang.String"><![CDATA[Step Report.Edit...]]></Field>
 <Field name="RefObjFQType" type="java.lang.String"><![CDATA[SNP_OBJECT.SNP_METHOD]]></Field>
 <Field name="RefObjFQNameLengths" type="java.lang.String"><![CDATA[11.7]]></Field>
</Object>
<Object class="com.sunopsis.dwg.dbobj.SnpFKXRef">
		<Field name="RefKey" type="java.lang.String"><![CDATA[SNP_METHOD.54000]]></Field>
	<Field name="RefObjGlobalId" type="java.lang.String"><![CDATA[af23f96f-8e94-3186-a6c9-0c84891588d8]]></Field>
 <Field name="RefObjFQName" type="java.lang.String"><![CDATA[Load Plan and Scenario Folder.New]]></Field>
 <Field name="RefObjFQType" type="java.lang.String"><![CDATA[SNP_OBJECT.SNP_METHOD]]></Field>
 <Field name="RefObjFQNameLengths" type="java.lang.String"><![CDATA[29.3]]></Field>
</Object>
<Object class="com.sunopsis.dwg.dbobj.SnpFKXRef">
		<Field name="RefKey" type="java.lang.String"><![CDATA[SNP_METHOD.54100]]></Field>
	<Field name="RefObjGlobalId" type="java.lang.String"><![CDATA[99988c33-e47b-3b42-ab5f-a27465b8e7ab]]></Field>
 <Field name="RefObjFQName" type="java.lang.String"><![CDATA[Load Plan and Scenario Folder.Edit...]]></Field>
 <Field name="RefObjFQType" type="java.lang.String"><![CDATA[SNP_OBJECT.SNP_METHOD]]></Field>
 <Field name="RefObjFQNameLengths" type="java.lang.String"><![CDATA[29.7]]></Field>
</Object>
<Object class="com.sunopsis.dwg.dbobj.SnpFKXRef">
		<Field name="RefKey" type="java.lang.String"><![CDATA[SNP_METHOD.54300]]></Field>
	<Field name="RefObjGlobalId" type="java.lang.String"><![CDATA[9c66fec2-36e3-3759-ba2f-f7fd1bb1d7e9]]></Field>
 <Field name="RefObjFQName" type="java.lang.String"><![CDATA[Load Plan and Scenario Folder.View]]></Field>
 <Field name="RefObjFQType" type="java.lang.String"><![CDATA[SNP_OBJECT.SNP_METHOD]]></Field>
 <Field name="RefObjFQNameLengths" type="java.lang.String"><![CDATA[29.4]]></Field>
</Object>
<Object class="com.sunopsis.dwg.dbobj.SnpFKXRef">
		<Field name="RefKey" type="java.lang.String"><![CDATA[SNP_METHOD.54400]]></Field>
	<Field name="RefObjGlobalId" type="java.lang.String"><![CDATA[6a4f65a9-a40f-3d8d-8696-127391009121]]></Field>
 <Field name="RefObjFQName" type="java.lang.String"><![CDATA[Load Plan and Scenario Folder.Delete]]></Field>
 <Field name="RefObjFQType" type="java.lang.String"><![CDATA[SNP_OBJECT.SNP_METHOD]]></Field>
 <Field name="RefObjFQNameLengths" type="java.lang.String"><![CDATA[29.6]]></Field>
</Object>
<Object class="com.sunopsis.dwg.dbobj.SnpFKXRef">
		<Field name="RefKey" type="java.lang.String"><![CDATA[SNP_METHOD.54500]]></Field>
	<Field name="RefObjGlobalId" type="java.lang.String"><![CDATA[05c014d5-aa61-3341-832f-8c5b729fdf2a]]></Field>
 <Field name="RefObjFQName" type="java.lang.String"><![CDATA[Load Plan and Scenario Folder.Duplicate]]></Field>
 <Field name="RefObjFQType" type="java.lang.String"><![CDATA[SNP_OBJECT.SNP_METHOD]]></Field>
 <Field name="RefObjFQNameLengths" type="java.lang.String"><![CDATA[29.9]]></Field>
</Object>
<Object class="com.sunopsis.dwg.dbobj.SnpFKXRef">
		<Field name="RefKey" type="java.lang.String"><![CDATA[SNP_METHOD.56400]]></Field>
	<Field name="RefObjGlobalId" type="java.lang.String"><![CDATA[5179c45c-4cfb-3cbc-a676-0bba4fc38563]]></Field>
 <Field name="RefObjFQName" type="java.lang.String"><![CDATA[Scenario.Import Replace...]]></Field>
 <Field name="RefObjFQType" type="java.lang.String"><![CDATA[SNP_OBJECT.SNP_METHOD]]></Field>
 <Field name="RefObjFQNameLengths" type="java.lang.String"><![CDATA[8.17]]></Field>
</Object>
<Object class="com.sunopsis.dwg.dbobj.SnpFKXRef">
		<Field name="RefKey" type="java.lang.String"><![CDATA[SNP_METHOD.64900]]></Field>
	<Field name="RefObjGlobalId" type="java.lang.String"><![CDATA[452b69e7-6361-4357-9e6d-2f61673b1aae]]></Field>
 <Field name="RefObjFQName" type="java.lang.String"><![CDATA[Agent.Apply Settings]]></Field>
 <Field name="RefObjFQType" type="java.lang.String"><![CDATA[SNP_OBJECT.SNP_METHOD]]></Field>
 <Field name="RefObjFQNameLengths" type="java.lang.String"><![CDATA[5.14]]></Field>
</Object>
<Object class="com.sunopsis.dwg.dbobj.SnpFKXRef">
		<Field name="RefKey" type="java.lang.String"><![CDATA[SNP_METHOD.112300]]></Field>
	<Field name="RefObjGlobalId" type="java.lang.String"><![CDATA[f21deb77-515e-450d-bc36-1b1e169a6dbc]]></Field>
 <Field name="RefObjFQName" type="java.lang.String"><![CDATA[Session Blueprint Variable.Delete]]></Field>
 <Field name="RefObjFQType" type="java.lang.String"><![CDATA[SNP_OBJECT.SNP_METHOD]]></Field>
 <Field name="RefObjFQNameLengths" type="java.lang.String"><![CDATA[26.6]]></Field>
</Object>
<Object class="com.sunopsis.dwg.dbobj.SnpFKXRef">
		<Field name="RefKey" type="java.lang.String"><![CDATA[SNP_METHOD.112200]]></Field>
	<Field name="RefObjGlobalId" type="java.lang.String"><![CDATA[e8a741c0-d517-493d-bd48-c3b310337261]]></Field>
 <Field name="RefObjFQName" type="java.lang.String"><![CDATA[Session Blueprint Variable.Edit]]></Field>
 <Field name="RefObjFQType" type="java.lang.String"><![CDATA[SNP_OBJECT.SNP_METHOD]]></Field>
 <Field name="RefObjFQNameLengths" type="java.lang.String"><![CDATA[26.4]]></Field>
</Object>
<Object class="com.sunopsis.dwg.dbobj.SnpFKXRef">
		<Field name="RefKey" type="java.lang.String"><![CDATA[SNP_METHOD.112400]]></Field>
	<Field name="RefObjGlobalId" type="java.lang.String"><![CDATA[4e5474da-e0a5-43f7-9bd6-7463e43734a4]]></Field>
 <Field name="RefObjFQName" type="java.lang.String"><![CDATA[Session Blueprint Variable.New ]]></Field>
 <Field name="RefObjFQType" type="java.lang.String"><![CDATA[SNP_OBJECT.SNP_METHOD]]></Field>
 <Field name="RefObjFQNameLengths" type="java.lang.String"><![CDATA[26.4]]></Field>
</Object>
<Object class="com.sunopsis.dwg.dbobj.SnpFKXRef">
		<Field name="RefKey" type="java.lang.String"><![CDATA[SNP_METHOD.112100]]></Field>
	<Field name="RefObjGlobalId" type="java.lang.String"><![CDATA[53b3fac0-3a64-4b80-9b4b-351b11caa46a]]></Field>
 <Field name="RefObjFQName" type="java.lang.String"><![CDATA[Session Blueprint Variable.View]]></Field>
 <Field name="RefObjFQType" type="java.lang.String"><![CDATA[SNP_OBJECT.SNP_METHOD]]></Field>
 <Field name="RefObjFQNameLengths" type="java.lang.String"><![CDATA[26.4]]></Field>
</Object>
<Object class="com.sunopsis.dwg.dbobj.SnpFKXRef">
		<Field name="RefKey" type="java.lang.String"><![CDATA[SNP_METHOD.102800]]></Field>
	<Field name="RefObjGlobalId" type="java.lang.String"><![CDATA[365a08e6-3c12-43f9-bf52-b2767a9d7ea6]]></Field>
 <Field name="RefObjFQName" type="java.lang.String"><![CDATA[Session.Retrieve Log Data]]></Field>
 <Field name="RefObjFQType" type="java.lang.String"><![CDATA[SNP_OBJECT.SNP_METHOD]]></Field>
 <Field name="RefObjFQNameLengths" type="java.lang.String"><![CDATA[7.17]]></Field>
</Object>
<Object class="com.sunopsis.dwg.DwgExportSummary">
		<Field name="ExpTxtNb" type="com.sunopsis.sql.DbInt"><![CDATA[0]]></Field>
	<Field name="InstObjNb" type="com.sunopsis.sql.DbInt"><![CDATA[0]]></Field>
	<Field name="JoinColNb" type="com.sunopsis.sql.DbInt"><![CDATA[0]]></Field>
	<Field name="JoinNb" type="com.sunopsis.sql.DbInt"><![CDATA[0]]></Field>
	<Field name="KeyColNb" type="com.sunopsis.sql.DbInt"><![CDATA[0]]></Field>
	<Field name="KeyNb" type="com.sunopsis.sql.DbInt"><![CDATA[0]]></Field>
	<Field name="LinkDiagNb" type="com.sunopsis.sql.DbInt"><![CDATA[0]]></Field>
	<Field name="MorigTxtNb" type="com.sunopsis.sql.DbInt"><![CDATA[0]]></Field>
	<Field name="MtxtNb" type="com.sunopsis.sql.DbInt"><![CDATA[0]]></Field>
	<Field name="OrigTxtNb" type="com.sunopsis.sql.DbInt"><![CDATA[0]]></Field>
	<Field name="OtherObjectsNb" type="com.sunopsis.sql.DbInt"><![CDATA[74]]></Field>
	<Field name="PlanAgentNb" type="com.sunopsis.sql.DbInt"><![CDATA[0]]></Field>
	<Field name="StepNb" type="com.sunopsis.sql.DbInt"><![CDATA[0]]></Field>
	<Field name="TxtNb" type="com.sunopsis.sql.DbInt"><![CDATA[0]]></Field>
	<Field name="UeOrigNb" type="com.sunopsis.sql.DbInt"><![CDATA[0]]></Field>
	<Field name="UeUsedNb" type="com.sunopsis.sql.DbInt"><![CDATA[0]]></Field>
	<Field name="VarPlanAgentNb" type="com.sunopsis.sql.DbInt"><![CDATA[0]]></Field>
	<Field name="ScenTxtNb" type="com.sunopsis.sql.DbInt"><![CDATA[0]]></Field>
	<Field name="OdiVersion" type="java.lang.String"><![CDATA[12.2.1]]></Field>
	<Field name="OriginRepositoryID" type="com.sunopsis.sql.DbInt"><![CDATA[0]]></Field>
	<Field name="RepositoryVersion" type="java.lang.String"><![CDATA[05.02.02.04]]></Field>
</Object>
</SunopsisExport>
