<?xml version="1.0" encoding="UTF-8"?>
<OdiDeploymentArchive>
   <Name>EXEC_MyPackage2-Welcome@3</Name>
   <DeploymentArchiveType>PATCH</DeploymentArchiveType>
   <SourceType>ODI</SourceType>
   <SourceInfo>Master:{dburl=jdbc:oracle:thin:@odblt08:1521/odilt01; dbuser=DEV_ODI_REPO}; Work:{name=WORKREP}</SourceInfo>
   <GlobalId>7193b8dc-494d-4650-83d3-5f39d13e19df</GlobalId>
   <CreatedDate>2021-02-05T03:58:01.373-06:00</CreatedDate>
   <CreatedBy>SUPERVISOR</CreatedBy>
   <ObjectsToUpdate>
      <Object class="oracle.odi.domain.runtime.scenario.OdiScenario" globalId="e6cd591a-41e8-41f8-a7aa-c695845e5755" name="MYPACKAGE2 Version 001" path="/Work Repository/Projects/Erick/Folder1/Packages/Scenarios"/>
   </ObjectsToUpdate>
   <ObjectsToDelete/>
</OdiDeploymentArchive>
