<?xml version="1.0" encoding="UTF-8"?>
<OdiDeploymentArchive>
   <Name>PatchWithExportKey</Name>
   <DeploymentArchiveType>PATCH</DeploymentArchiveType>
   <SourceType>ODI</SourceType>
   <SourceInfo>Master:{dburl=jdbc:oracle:thin:@odblt08:1521/odilt01; dbuser=DEV_ODI_REPO}; Work:{name=WORKREP}</SourceInfo>
   <GlobalId>47ac09f0-a924-4b63-a81c-fb6b131debbc</GlobalId>
   <CreatedDate>2021-02-03T06:09:00.593-06:00</CreatedDate>
   <CreatedBy>SUPERVISOR</CreatedBy>
   <ObjectsToUpdate>
      <Object class="oracle.odi.domain.project.OdiPackage" globalId="4ffd6010-598e-4158-8de5-d0d7c6f9e589" name="MyPackage1" path="/Work Repository/Projects/Erick/Folder1/Packages"/>
      <Object class="oracle.odi.domain.project.OdiFolder" globalId="df7292b4-b77d-4a4d-a9ff-46bce269aea2" name="Folder1" path="/Work Repository/Projects/Erick/Folder1"/>
      <Object class="oracle.odi.domain.project.OdiProject" globalId="a72365ca-8ace-45eb-a9b7-686e71e92fb3" name="Erick" path="/Work Repository/Projects/Erick"/>
      <Object class="oracle.odi.domain.runtime.scenario.OdiScenario" globalId="7c3fa951-8c3b-4cf9-9a94-cdd28f1a541a" name="MYPACKAGE1" path="/Work Repository/Projects/Erick/Folder1/Packages/Scenarios"/>
      <Object class="oracle.odi.domain.runtime.scenario.OdiScenarioFolder" globalId="97b43d1d-cc45-4e65-9b7c-bd89a01cf63f" name="Folder30" path="/Work Repository/Load Plans and Scenarios/Folder10/Load Plans and Scenarios/Folder20/Load Plans and Scenarios/Folder30"/>
      <Object class="oracle.odi.domain.runtime.scenario.OdiScenarioFolder" globalId="ecf0bf43-20c8-4ff1-bc38-a47ff6f0e123" name="Folder20" path="/Work Repository/Load Plans and Scenarios/Folder10/Load Plans and Scenarios/Folder20"/>
      <Object class="oracle.odi.domain.runtime.scenario.OdiScenarioFolder" globalId="ca6548e7-bdf7-481a-a5bd-bd802aa19ad7" name="Folder10" path="/Work Repository/Load Plans and Scenarios/Folder10"/>
      <Object class="oracle.odi.domain.marker.OdiMarkerGroup" globalId="637e41f4-924e-40c9-a83f-61adf95d502a" name="FLEXDEPLOY" path="/Work Repository/Projects/Erick/Markers"/>
      <Object class="oracle.odi.domain.security.OdiPrincipal" globalId="c34e89cf-9195-3bf5-b0c9-e744c3cf4fa5" name="SUPERVISOR" path="/Master Repository/Users"/>
      <Object class="oracle.odi.domain.security.OdiPrincipal" globalId="6e18bd13-f7e3-4474-a962-09ba86b8b7a4" name="SUPERVISOR_ROLE" path="/Master Repository/Users"/>
      <Object class="oracle.odi.domain.security.OdiProfile" globalId="9d6eb15e-61d7-48fe-8aa9-e37a209ddba3" name="VCS VERSION ADMIN" path="/Master Repository/Profiles"/>
      <Object class="oracle.odi.domain.security.OdiProfile" globalId="3e0bafe1-4843-4b48-890c-b8413134716e" name="RELEASE MANAGER" path="/Master Repository/Profiles"/>
      <Object class="oracle.odi.domain.security.OdiProfile" globalId="022c5ecd-c0f6-30b0-b6dd-0e17bcbb95cb" name="CONNECT" path="/Master Repository/Profiles"/>
      <Object class="oracle.odi.domain.security.OdiProfile" globalId="4b04c57f-5e11-3fe1-a35d-6b67d95169f4" name="NG METADATA ADMIN" path="/Master Repository/Profiles"/>
      <Object class="oracle.odi.domain.security.OdiProfile" globalId="7364ac1b-7524-30fb-86a0-4ccccc957e81" name="VERSION ADMIN" path="/Master Repository/Profiles"/>
      <Object class="oracle.odi.domain.security.OdiProfile" globalId="5c23a897-9f81-33a0-8e0f-931c72653ef4" name="TOPOLOGY ADMIN" path="/Master Repository/Profiles"/>
      <Object class="oracle.odi.domain.security.OdiProfile" globalId="ebf1e21b-76d0-3e6e-8d72-a83c03e333ca" name="OPERATOR" path="/Master Repository/Profiles"/>
      <Object class="oracle.odi.domain.security.OdiProfile" globalId="6474a877-b44c-3449-ba01-af6f80d5a6bc" name="NG CONSOLE" path="/Master Repository/Profiles"/>
      <Object class="oracle.odi.domain.security.OdiProfile" globalId="8802e35e-22d6-3c84-8072-e28493ebb9dd" name="NG DESIGNER" path="/Master Repository/Profiles"/>
      <Object class="oracle.odi.domain.security.OdiProfile" globalId="9917a574-1cf3-3fcd-8637-a30387a06447" name="DESIGNER" path="/Master Repository/Profiles"/>
      <Object class="oracle.odi.domain.security.OdiProfile" globalId="2f09fdfd-ad46-33a2-adaf-72afd0e4af83" name="SECURITY ADMIN" path="/Master Repository/Profiles"/>
      <Object class="oracle.odi.domain.security.OdiProfile" globalId="83e312b5-a24c-35e9-b245-b44da9de6bea" name="CONSOLE" path="/Master Repository/Profiles"/>
      <Object class="oracle.odi.domain.security.OdiProfile" globalId="1018ccae-c592-324f-b591-52d197fc886b" name="NG VERSION ADMIN" path="/Master Repository/Profiles"/>
      <Object class="oracle.odi.domain.security.OdiProfile" globalId="b5823bb7-85a8-3bba-a8c7-1fcf090f51af" name="METADATA ADMIN" path="/Master Repository/Profiles"/>
   </ObjectsToUpdate>
   <ObjectsToDelete/>
</OdiDeploymentArchive>
