<?xml version="1.0" encoding="UTF-8"?>
<OdiDeploymentArchive>
   <Name>InitProjInitialArchive</Name>
   <DeploymentArchiveType>INITIAL</DeploymentArchiveType>
   <SourceType>ODI</SourceType>
   <SourceInfo>Master:{dburl=jdbc:oracle:thin:@odblt08:1521/odilt01; dbuser=DEV_ODI_REPO}; Work:{name=WORKREP}</SourceInfo>
   <GlobalId>2cb5d354-aad3-44a0-a630-6b26fc1bc6e8</GlobalId>
   <CreatedDate>2021-02-04T04:00:24.54-06:00</CreatedDate>
   <CreatedBy>SUPERVISOR</CreatedBy>
   <ObjectsToUpdate>
      <Object class="oracle.odi.domain.project.OdiProject" globalId="8783f196-c6dd-43d9-aae3-868a97749a88" name="InitProject1" path="/Work Repository/Projects/InitProject1"/>
      <Object class="oracle.odi.domain.marker.OdiMarkerGroup" globalId="7e7ef26b-ab70-4d0c-a8bd-d8e18e54758e" name="Priorities" path="/Work Repository/Projects/InitProject1/Markers"/>
      <Object class="oracle.odi.domain.marker.OdiMarkerGroup" globalId="3f0c9bee-7891-4c5d-9e66-1d3ec1a73bfa" name="Progress" path="/Work Repository/Projects/InitProject1/Markers"/>
      <Object class="oracle.odi.domain.marker.OdiMarkerGroup" globalId="93a5a2cd-10c1-44c1-9a4e-6df74b75c11f" name="Smileys" path="/Work Repository/Projects/InitProject1/Markers"/>
      <Object class="oracle.odi.domain.project.OdiFolder" globalId="f3be4ed3-997c-46a1-93f4-a32ab123274b" name="First Folder" path="/Work Repository/Projects/InitProject1/First_Folder"/>
      <Object class="oracle.odi.domain.project.OdiPackage" globalId="b500aad9-7dd8-4744-b454-a054bbb160b5" name="InitPackage1" path="/Work Repository/Projects/InitProject1/First_Folder/Packages"/>
   </ObjectsToUpdate>
   <ObjectsToDelete/>
</OdiDeploymentArchive>
