<?xml version="1.0" encoding="UTF-8"?>
<OdiDeploymentArchive>
   <Name>EXEC_PatchArchiveMappings</Name>
   <DeploymentArchiveType>INITIAL</DeploymentArchiveType>
   <SourceType>ODI</SourceType>
   <SourceInfo>Master:{dburl=jdbc:oracle:thin:@odblt08:1521/odilt01; dbuser=DEV_ODI_REPO}; Work:{name=WORKREP}</SourceInfo>
   <GlobalId>1cc2d747-c300-4634-ba45-f32010fc9b3a</GlobalId>
   <CreatedDate>2021-02-03T06:36:04.044-06:00</CreatedDate>
   <CreatedBy>SUPERVISOR</CreatedBy>
   <ObjectsToUpdate/>
   <ObjectsToDelete/>
</OdiDeploymentArchive>
